onset	duration	trial_type	value	sample
16.656	n/a	NonTarget	1	4164
16.88	n/a	NonTarget	1	4220
17.108	n/a	NonTarget	1	4277
17.332	n/a	NonTarget	1	4333
17.56	n/a	NonTarget	1	4390
17.784	n/a	NonTarget	1	4446
18.008	n/a	NonTarget	1	4502
18.236	n/a	Target	2	4559
18.46	n/a	NonTarget	1	4615
18.684	n/a	NonTarget	1	4671
18.908	n/a	NonTarget	1	4727
19.136	n/a	NonTarget	1	4784
19.36	n/a	NonTarget	1	4840
19.584	n/a	NonTarget	1	4896
19.812	n/a	NonTarget	1	4953
20.036	n/a	NonTarget	1	5009
20.26	n/a	NonTarget	1	5065
20.488	n/a	Target	2	5122
20.712	n/a	NonTarget	1	5178
20.94	n/a	NonTarget	1	5235
21.164	n/a	NonTarget	1	5291
21.388	n/a	Target	2	5347
21.612	n/a	NonTarget	1	5403
21.836	n/a	NonTarget	1	5459
22.064	n/a	NonTarget	1	5516
22.288	n/a	NonTarget	1	5572
22.516	n/a	NonTarget	1	5629
22.74	n/a	NonTarget	1	5685
22.964	n/a	NonTarget	1	5741
23.192	n/a	NonTarget	1	5798
23.416	n/a	Target	2	5854
23.644	n/a	NonTarget	1	5911
23.868	n/a	NonTarget	1	5967
24.092	n/a	NonTarget	1	6023
24.32	n/a	NonTarget	1	6080
24.544	n/a	NonTarget	1	6136
24.772	n/a	NonTarget	1	6193
24.996	n/a	NonTarget	1	6249
25.22	n/a	Target	2	6305
25.448	n/a	NonTarget	1	6362
25.672	n/a	NonTarget	1	6418
25.896	n/a	NonTarget	1	6474
26.124	n/a	NonTarget	1	6531
26.348	n/a	NonTarget	1	6587
26.572	n/a	NonTarget	1	6643
26.796	n/a	NonTarget	1	6699
27.024	n/a	NonTarget	1	6756
27.248	n/a	NonTarget	1	6812
27.472	n/a	NonTarget	1	6868
27.7	n/a	NonTarget	1	6925
27.924	n/a	NonTarget	1	6981
28.152	n/a	NonTarget	1	7038
28.376	n/a	Target	2	7094
28.6	n/a	NonTarget	1	7150
28.828	n/a	NonTarget	1	7207
29.052	n/a	NonTarget	1	7263
29.28	n/a	NonTarget	1	7320
29.504	n/a	NonTarget	1	7376
29.732	n/a	Target	2	7433
29.956	n/a	NonTarget	1	7489
30.18	n/a	NonTarget	1	7545
30.408	n/a	NonTarget	1	7602
30.632	n/a	NonTarget	1	7658
30.86	n/a	NonTarget	1	7715
31.084	n/a	NonTarget	1	7771
31.308	n/a	NonTarget	1	7827
31.536	n/a	Target	2	7884
31.76	n/a	NonTarget	1	7940
31.984	n/a	NonTarget	1	7996
32.212	n/a	NonTarget	1	8053
32.436	n/a	NonTarget	1	8109
32.66	n/a	NonTarget	1	8165
32.884	n/a	NonTarget	1	8221
33.112	n/a	NonTarget	1	8278
33.336	n/a	NonTarget	1	8334
33.56	n/a	NonTarget	1	8390
33.788	n/a	NonTarget	1	8447
34.012	n/a	NonTarget	1	8503
34.236	n/a	Target	2	8559
34.464	n/a	NonTarget	1	8616
34.688	n/a	NonTarget	1	8672
34.916	n/a	NonTarget	1	8729
35.14	n/a	NonTarget	1	8785
35.364	n/a	NonTarget	1	8841
35.592	n/a	NonTarget	1	8898
35.816	n/a	NonTarget	1	8954
36.04	n/a	NonTarget	1	9010
36.268	n/a	Target	2	9067
36.492	n/a	NonTarget	1	9123
36.716	n/a	NonTarget	1	9179
36.944	n/a	NonTarget	1	9236
37.168	n/a	Target	2	9292
37.392	n/a	NonTarget	1	9348
37.616	n/a	NonTarget	1	9404
37.844	n/a	NonTarget	1	9461
38.068	n/a	NonTarget	1	9517
38.292	n/a	NonTarget	1	9573
38.52	n/a	NonTarget	1	9630
38.744	n/a	NonTarget	1	9686
38.968	n/a	NonTarget	1	9742
39.196	n/a	NonTarget	1	9799
39.42	n/a	NonTarget	1	9855
39.644	n/a	Target	2	9911
39.868	n/a	NonTarget	1	9967
40.096	n/a	NonTarget	1	10024
40.32	n/a	NonTarget	1	10080
40.548	n/a	NonTarget	1	10137
40.772	n/a	NonTarget	1	10193
40.996	n/a	NonTarget	1	10249
59.712	n/a	NonTarget	1	14928
59.94	n/a	NonTarget	1	14985
60.164	n/a	NonTarget	1	15041
60.388	n/a	NonTarget	1	15097
60.612	n/a	NonTarget	1	15153
60.84	n/a	NonTarget	1	15210
61.064	n/a	NonTarget	1	15266
61.288	n/a	Target	2	15322
61.516	n/a	NonTarget	1	15379
61.74	n/a	NonTarget	1	15435
61.968	n/a	NonTarget	1	15492
62.192	n/a	NonTarget	1	15548
62.416	n/a	Target	2	15604
62.644	n/a	NonTarget	1	15661
62.868	n/a	NonTarget	1	15717
63.092	n/a	NonTarget	1	15773
63.32	n/a	NonTarget	1	15830
63.544	n/a	NonTarget	1	15886
63.772	n/a	NonTarget	1	15943
63.996	n/a	NonTarget	1	15999
64.22	n/a	NonTarget	1	16055
64.448	n/a	NonTarget	1	16112
64.672	n/a	NonTarget	1	16168
64.9	n/a	NonTarget	1	16225
65.124	n/a	NonTarget	1	16281
65.348	n/a	NonTarget	1	16337
65.572	n/a	Target	2	16393
65.8	n/a	NonTarget	1	16450
66.024	n/a	NonTarget	1	16506
66.248	n/a	NonTarget	1	16562
66.476	n/a	NonTarget	1	16619
66.7	n/a	NonTarget	1	16675
66.924	n/a	NonTarget	1	16731
67.152	n/a	NonTarget	1	16788
67.376	n/a	NonTarget	1	16844
67.6	n/a	NonTarget	1	16900
67.824	n/a	Target	2	16956
68.052	n/a	NonTarget	1	17013
68.276	n/a	NonTarget	1	17069
68.5	n/a	NonTarget	1	17125
68.728	n/a	NonTarget	1	17182
68.952	n/a	NonTarget	1	17238
69.176	n/a	Target	2	17294
69.404	n/a	NonTarget	1	17351
69.628	n/a	NonTarget	1	17407
69.856	n/a	NonTarget	1	17464
70.08	n/a	NonTarget	1	17520
70.304	n/a	NonTarget	1	17576
70.532	n/a	NonTarget	1	17633
70.756	n/a	Target	2	17689
70.98	n/a	NonTarget	1	17745
71.208	n/a	NonTarget	1	17802
71.432	n/a	NonTarget	1	17858
71.656	n/a	NonTarget	1	17914
71.88	n/a	NonTarget	1	17970
72.108	n/a	Target	2	18027
72.332	n/a	NonTarget	1	18083
72.56	n/a	NonTarget	1	18140
72.784	n/a	NonTarget	1	18196
73.008	n/a	NonTarget	1	18252
73.236	n/a	NonTarget	1	18309
73.46	n/a	NonTarget	1	18365
73.684	n/a	NonTarget	1	18421
73.912	n/a	NonTarget	1	18478
74.136	n/a	Target	2	18534
74.36	n/a	NonTarget	1	18590
74.584	n/a	NonTarget	1	18646
74.812	n/a	NonTarget	1	18703
75.036	n/a	NonTarget	1	18759
75.26	n/a	NonTarget	1	18815
75.488	n/a	NonTarget	1	18872
75.712	n/a	NonTarget	1	18928
75.94	n/a	NonTarget	1	18985
76.164	n/a	Target	2	19041
76.392	n/a	NonTarget	1	19098
76.616	n/a	NonTarget	1	19154
76.84	n/a	NonTarget	1	19210
77.068	n/a	NonTarget	1	19267
77.292	n/a	NonTarget	1	19323
77.52	n/a	NonTarget	1	19380
77.744	n/a	NonTarget	1	19436
77.968	n/a	NonTarget	1	19492
78.196	n/a	NonTarget	1	19549
78.42	n/a	NonTarget	1	19605
78.648	n/a	NonTarget	1	19662
78.872	n/a	Target	2	19718
79.096	n/a	NonTarget	1	19774
79.324	n/a	NonTarget	1	19831
79.548	n/a	NonTarget	1	19887
79.772	n/a	NonTarget	1	19943
79.996	n/a	NonTarget	1	19999
80.22	n/a	NonTarget	1	20055
80.448	n/a	NonTarget	1	20112
80.672	n/a	NonTarget	1	20168
80.9	n/a	NonTarget	1	20225
81.124	n/a	NonTarget	1	20281
81.348	n/a	NonTarget	1	20337
81.576	n/a	Target	2	20394
81.8	n/a	NonTarget	1	20450
82.028	n/a	NonTarget	1	20507
82.252	n/a	NonTarget	1	20563
82.476	n/a	NonTarget	1	20619
82.704	n/a	NonTarget	1	20676
82.928	n/a	NonTarget	1	20732
83.152	n/a	NonTarget	1	20788
83.38	n/a	NonTarget	1	20845
83.604	n/a	Target	2	20901
83.828	n/a	NonTarget	1	20957
98.084	n/a	NonTarget	1	24521
98.312	n/a	NonTarget	1	24578
98.536	n/a	NonTarget	1	24634
98.76	n/a	NonTarget	1	24690
98.988	n/a	NonTarget	1	24747
99.212	n/a	NonTarget	1	24803
99.44	n/a	Target	2	24860
99.664	n/a	NonTarget	1	24916
99.888	n/a	NonTarget	1	24972
100.116	n/a	NonTarget	1	25029
100.34	n/a	Target	2	25085
100.568	n/a	NonTarget	1	25142
100.792	n/a	NonTarget	1	25198
101.02	n/a	NonTarget	1	25255
101.244	n/a	NonTarget	1	25311
101.468	n/a	NonTarget	1	25367
101.692	n/a	NonTarget	1	25423
101.916	n/a	NonTarget	1	25479
102.144	n/a	NonTarget	1	25536
102.368	n/a	NonTarget	1	25592
102.596	n/a	NonTarget	1	25649
102.82	n/a	NonTarget	1	25705
103.044	n/a	Target	2	25761
103.272	n/a	NonTarget	1	25818
103.496	n/a	NonTarget	1	25874
103.724	n/a	NonTarget	1	25931
103.948	n/a	NonTarget	1	25987
104.172	n/a	NonTarget	1	26043
104.4	n/a	NonTarget	1	26100
104.624	n/a	NonTarget	1	26156
104.852	n/a	NonTarget	1	26213
105.076	n/a	NonTarget	1	26269
105.3	n/a	Target	2	26325
105.524	n/a	NonTarget	1	26381
105.752	n/a	NonTarget	1	26438
105.976	n/a	NonTarget	1	26494
106.204	n/a	NonTarget	1	26551
106.428	n/a	NonTarget	1	26607
106.652	n/a	NonTarget	1	26663
106.876	n/a	NonTarget	1	26719
107.104	n/a	NonTarget	1	26776
107.328	n/a	NonTarget	1	26832
107.556	n/a	NonTarget	1	26889
107.78	n/a	NonTarget	1	26945
108.004	n/a	Target	2	27001
108.232	n/a	NonTarget	1	27058
108.456	n/a	NonTarget	1	27114
108.684	n/a	NonTarget	1	27171
108.908	n/a	NonTarget	1	27227
109.132	n/a	NonTarget	1	27283
109.36	n/a	NonTarget	1	27340
109.584	n/a	Target	2	27396
109.812	n/a	NonTarget	1	27453
110.036	n/a	NonTarget	1	27509
110.26	n/a	NonTarget	1	27565
110.488	n/a	NonTarget	1	27622
110.712	n/a	Target	2	27678
110.94	n/a	NonTarget	1	27735
111.164	n/a	NonTarget	1	27791
111.388	n/a	NonTarget	1	27847
111.616	n/a	NonTarget	1	27904
111.84	n/a	NonTarget	1	27960
112.068	n/a	NonTarget	1	28017
112.292	n/a	NonTarget	1	28073
112.52	n/a	NonTarget	1	28130
112.744	n/a	Target	2	28186
112.968	n/a	NonTarget	1	28242
113.196	n/a	NonTarget	1	28299
113.42	n/a	NonTarget	1	28355
113.648	n/a	NonTarget	1	28412
113.872	n/a	NonTarget	1	28468
114.096	n/a	NonTarget	1	28524
114.324	n/a	NonTarget	1	28581
114.548	n/a	NonTarget	1	28637
114.772	n/a	NonTarget	1	28693
114.996	n/a	Target	2	28749
115.224	n/a	NonTarget	1	28806
115.448	n/a	NonTarget	1	28862
115.676	n/a	NonTarget	1	28919
115.9	n/a	NonTarget	1	28975
116.124	n/a	NonTarget	1	29031
116.352	n/a	NonTarget	1	29088
116.576	n/a	NonTarget	1	29144
116.804	n/a	NonTarget	1	29201
117.028	n/a	NonTarget	1	29257
117.252	n/a	NonTarget	1	29313
117.48	n/a	NonTarget	1	29370
117.704	n/a	Target	2	29426
117.932	n/a	NonTarget	1	29483
118.156	n/a	NonTarget	1	29539
118.38	n/a	NonTarget	1	29595
118.608	n/a	NonTarget	1	29652
118.832	n/a	NonTarget	1	29708
119.06	n/a	NonTarget	1	29765
119.284	n/a	NonTarget	1	29821
119.508	n/a	Target	2	29877
119.732	n/a	NonTarget	1	29933
119.956	n/a	NonTarget	1	29989
120.184	n/a	NonTarget	1	30046
120.408	n/a	NonTarget	1	30102
120.632	n/a	NonTarget	1	30158
120.86	n/a	NonTarget	1	30215
121.084	n/a	NonTarget	1	30271
121.312	n/a	NonTarget	1	30328
121.536	n/a	NonTarget	1	30384
121.76	n/a	NonTarget	1	30440
121.988	n/a	NonTarget	1	30497
122.212	n/a	Target	2	30553
122.436	n/a	NonTarget	1	30609
136.852	n/a	Target	2	34213
137.076	n/a	NonTarget	1	34269
137.304	n/a	NonTarget	1	34326
137.528	n/a	NonTarget	1	34382
137.752	n/a	NonTarget	1	34438
137.98	n/a	NonTarget	1	34495
138.204	n/a	NonTarget	1	34551
138.428	n/a	NonTarget	1	34607
138.656	n/a	NonTarget	1	34664
138.88	n/a	Target	2	34720
139.108	n/a	NonTarget	1	34777
139.332	n/a	NonTarget	1	34833
139.56	n/a	NonTarget	1	34890
139.784	n/a	NonTarget	1	34946
140.008	n/a	NonTarget	1	35002
140.236	n/a	NonTarget	1	35059
140.46	n/a	NonTarget	1	35115
140.688	n/a	NonTarget	1	35172
140.912	n/a	Target	2	35228
141.136	n/a	NonTarget	1	35284
141.364	n/a	NonTarget	1	35341
141.588	n/a	NonTarget	1	35397
141.812	n/a	NonTarget	1	35453
142.04	n/a	NonTarget	1	35510
142.264	n/a	NonTarget	1	35566
142.488	n/a	Target	2	35622
142.716	n/a	NonTarget	1	35679
142.94	n/a	NonTarget	1	35735
143.164	n/a	NonTarget	1	35791
143.392	n/a	NonTarget	1	35848
143.616	n/a	Target	2	35904
143.84	n/a	NonTarget	1	35960
144.068	n/a	NonTarget	1	36017
144.292	n/a	NonTarget	1	36073
144.52	n/a	NonTarget	1	36130
144.744	n/a	NonTarget	1	36186
144.968	n/a	NonTarget	1	36242
145.196	n/a	NonTarget	1	36299
145.42	n/a	NonTarget	1	36355
145.648	n/a	Target	2	36412
145.872	n/a	NonTarget	1	36468
146.1	n/a	NonTarget	1	36525
146.324	n/a	NonTarget	1	36581
146.548	n/a	NonTarget	1	36637
146.772	n/a	NonTarget	1	36693
147.0	n/a	NonTarget	1	36750
147.224	n/a	NonTarget	1	36806
147.448	n/a	Target	2	36862
147.676	n/a	NonTarget	1	36919
147.9	n/a	NonTarget	1	36975
148.124	n/a	NonTarget	1	37031
148.348	n/a	NonTarget	1	37087
148.576	n/a	NonTarget	1	37144
148.8	n/a	NonTarget	1	37200
149.024	n/a	NonTarget	1	37256
149.252	n/a	NonTarget	1	37313
149.476	n/a	NonTarget	1	37369
149.7	n/a	NonTarget	1	37425
149.928	n/a	NonTarget	1	37482
150.152	n/a	NonTarget	1	37538
150.376	n/a	NonTarget	1	37594
150.604	n/a	Target	2	37651
150.828	n/a	NonTarget	1	37707
151.052	n/a	NonTarget	1	37763
151.28	n/a	NonTarget	1	37820
151.504	n/a	NonTarget	1	37876
151.732	n/a	NonTarget	1	37933
151.956	n/a	NonTarget	1	37989
152.184	n/a	NonTarget	1	38046
152.408	n/a	NonTarget	1	38102
152.632	n/a	NonTarget	1	38158
152.856	n/a	Target	2	38214
153.08	n/a	NonTarget	1	38270
153.308	n/a	NonTarget	1	38327
153.536	n/a	NonTarget	1	38384
153.76	n/a	NonTarget	1	38440
153.984	n/a	NonTarget	1	38496
154.208	n/a	NonTarget	1	38552
154.436	n/a	Target	2	38609
154.66	n/a	NonTarget	1	38665
154.888	n/a	NonTarget	1	38722
155.112	n/a	NonTarget	1	38778
155.336	n/a	NonTarget	1	38834
155.564	n/a	NonTarget	1	38891
155.788	n/a	NonTarget	1	38947
156.016	n/a	NonTarget	1	39004
156.24	n/a	Target	2	39060
156.464	n/a	NonTarget	1	39116
156.692	n/a	NonTarget	1	39173
156.916	n/a	NonTarget	1	39229
157.144	n/a	NonTarget	1	39286
157.368	n/a	NonTarget	1	39342
157.592	n/a	NonTarget	1	39398
157.82	n/a	NonTarget	1	39455
158.044	n/a	NonTarget	1	39511
158.272	n/a	NonTarget	1	39568
158.496	n/a	NonTarget	1	39624
158.72	n/a	NonTarget	1	39680
158.944	n/a	Target	2	39736
159.168	n/a	NonTarget	1	39792
159.396	n/a	NonTarget	1	39849
159.62	n/a	NonTarget	1	39905
159.848	n/a	NonTarget	1	39962
160.072	n/a	NonTarget	1	40018
160.296	n/a	Target	2	40074
160.524	n/a	NonTarget	1	40131
160.748	n/a	NonTarget	1	40187
160.976	n/a	NonTarget	1	40244
161.2	n/a	NonTarget	1	40300
176.392	n/a	NonTarget	1	44098
176.616	n/a	NonTarget	1	44154
176.844	n/a	NonTarget	1	44211
177.064	n/a	NonTarget	1	44266
177.288	n/a	NonTarget	1	44322
177.516	n/a	Target	2	44379
177.74	n/a	NonTarget	1	44435
177.968	n/a	NonTarget	1	44492
178.192	n/a	NonTarget	1	44548
178.416	n/a	NonTarget	1	44604
178.644	n/a	NonTarget	1	44661
178.868	n/a	NonTarget	1	44717
179.096	n/a	NonTarget	1	44774
179.32	n/a	NonTarget	1	44830
179.544	n/a	NonTarget	1	44886
179.772	n/a	NonTarget	1	44943
179.996	n/a	NonTarget	1	44999
180.224	n/a	NonTarget	1	45056
180.448	n/a	Target	2	45112
180.672	n/a	NonTarget	1	45168
180.9	n/a	NonTarget	1	45225
181.124	n/a	NonTarget	1	45281
181.352	n/a	NonTarget	1	45338
181.576	n/a	Target	2	45394
181.8	n/a	NonTarget	1	45450
182.028	n/a	NonTarget	1	45507
182.252	n/a	NonTarget	1	45563
182.476	n/a	NonTarget	1	45619
182.704	n/a	Target	2	45676
182.928	n/a	NonTarget	1	45732
183.152	n/a	NonTarget	1	45788
183.376	n/a	NonTarget	1	45844
183.604	n/a	NonTarget	1	45901
183.828	n/a	NonTarget	1	45957
184.056	n/a	NonTarget	1	46014
184.28	n/a	NonTarget	1	46070
184.504	n/a	NonTarget	1	46126
184.728	n/a	NonTarget	1	46182
184.956	n/a	NonTarget	1	46239
185.18	n/a	NonTarget	1	46295
185.408	n/a	NonTarget	1	46352
185.632	n/a	NonTarget	1	46408
185.856	n/a	NonTarget	1	46464
186.08	n/a	Target	2	46520
186.308	n/a	NonTarget	1	46577
186.532	n/a	NonTarget	1	46633
186.756	n/a	NonTarget	1	46689
186.984	n/a	NonTarget	1	46746
187.208	n/a	NonTarget	1	46802
187.436	n/a	NonTarget	1	46859
187.66	n/a	NonTarget	1	46915
187.884	n/a	NonTarget	1	46971
188.112	n/a	Target	2	47028
188.336	n/a	NonTarget	1	47084
188.56	n/a	NonTarget	1	47140
188.788	n/a	NonTarget	1	47197
189.012	n/a	NonTarget	1	47253
189.236	n/a	NonTarget	1	47309
189.46	n/a	NonTarget	1	47365
189.688	n/a	NonTarget	1	47422
189.912	n/a	NonTarget	1	47478
190.14	n/a	Target	2	47535
190.364	n/a	NonTarget	1	47591
190.588	n/a	NonTarget	1	47647
190.816	n/a	NonTarget	1	47704
191.04	n/a	NonTarget	1	47760
191.268	n/a	NonTarget	1	47817
191.492	n/a	NonTarget	1	47873
191.716	n/a	NonTarget	1	47929
191.944	n/a	NonTarget	1	47986
192.168	n/a	Target	2	48042
192.392	n/a	NonTarget	1	48098
192.62	n/a	NonTarget	1	48155
192.844	n/a	NonTarget	1	48211
193.068	n/a	NonTarget	1	48267
193.292	n/a	Target	2	48323
193.52	n/a	NonTarget	1	48380
193.744	n/a	NonTarget	1	48436
193.968	n/a	NonTarget	1	48492
194.196	n/a	NonTarget	1	48549
194.42	n/a	NonTarget	1	48605
194.644	n/a	NonTarget	1	48661
194.868	n/a	NonTarget	1	48717
195.096	n/a	NonTarget	1	48774
195.32	n/a	NonTarget	1	48830
195.544	n/a	Target	2	48886
195.772	n/a	NonTarget	1	48943
195.996	n/a	NonTarget	1	48999
196.224	n/a	NonTarget	1	49056
196.448	n/a	NonTarget	1	49112
196.672	n/a	NonTarget	1	49168
196.9	n/a	NonTarget	1	49225
197.128	n/a	NonTarget	1	49282
197.352	n/a	NonTarget	1	49338
197.576	n/a	NonTarget	1	49394
197.804	n/a	NonTarget	1	49451
198.028	n/a	Target	2	49507
198.256	n/a	NonTarget	1	49564
198.48	n/a	NonTarget	1	49620
198.704	n/a	NonTarget	1	49676
198.932	n/a	NonTarget	1	49733
199.156	n/a	NonTarget	1	49789
199.384	n/a	NonTarget	1	49846
199.608	n/a	NonTarget	1	49902
199.832	n/a	Target	2	49958
200.06	n/a	NonTarget	1	50015
200.284	n/a	NonTarget	1	50071
200.508	n/a	NonTarget	1	50127
200.736	n/a	NonTarget	1	50184
222.536	n/a	NonTarget	1	55634
222.76	n/a	NonTarget	1	55690
222.988	n/a	NonTarget	1	55747
223.212	n/a	NonTarget	1	55803
223.436	n/a	NonTarget	1	55859
223.664	n/a	NonTarget	1	55916
223.888	n/a	NonTarget	1	55972
224.116	n/a	NonTarget	1	56029
224.34	n/a	Target	2	56085
224.564	n/a	NonTarget	1	56141
224.788	n/a	NonTarget	1	56197
225.016	n/a	NonTarget	1	56254
225.24	n/a	NonTarget	1	56310
225.464	n/a	NonTarget	1	56366
225.692	n/a	NonTarget	1	56423
225.916	n/a	NonTarget	1	56479
226.14	n/a	Target	2	56535
226.368	n/a	NonTarget	1	56592
226.592	n/a	NonTarget	1	56648
226.816	n/a	NonTarget	1	56704
227.044	n/a	NonTarget	1	56761
227.268	n/a	NonTarget	1	56817
227.496	n/a	NonTarget	1	56874
227.72	n/a	NonTarget	1	56930
227.944	n/a	NonTarget	1	56986
228.172	n/a	NonTarget	1	57043
228.396	n/a	NonTarget	1	57099
228.624	n/a	Target	2	57156
228.848	n/a	NonTarget	1	57212
229.076	n/a	NonTarget	1	57269
229.3	n/a	NonTarget	1	57325
229.528	n/a	NonTarget	1	57382
229.752	n/a	NonTarget	1	57438
229.976	n/a	NonTarget	1	57494
230.204	n/a	NonTarget	1	57551
230.428	n/a	NonTarget	1	57607
230.652	n/a	Target	2	57663
230.876	n/a	NonTarget	1	57719
231.104	n/a	NonTarget	1	57776
231.328	n/a	NonTarget	1	57832
231.556	n/a	NonTarget	1	57889
231.78	n/a	NonTarget	1	57945
232.004	n/a	NonTarget	1	58001
232.232	n/a	NonTarget	1	58058
232.456	n/a	NonTarget	1	58114
232.684	n/a	Target	2	58171
232.908	n/a	NonTarget	1	58227
233.132	n/a	NonTarget	1	58283
233.36	n/a	NonTarget	1	58340
233.584	n/a	NonTarget	1	58396
233.812	n/a	Target	2	58453
234.036	n/a	NonTarget	1	58509
234.264	n/a	NonTarget	1	58566
234.488	n/a	NonTarget	1	58622
234.712	n/a	NonTarget	1	58678
234.94	n/a	NonTarget	1	58735
235.164	n/a	NonTarget	1	58791
235.392	n/a	NonTarget	1	58848
235.616	n/a	NonTarget	1	58904
235.84	n/a	NonTarget	1	58960
236.064	n/a	NonTarget	1	59016
236.288	n/a	NonTarget	1	59072
236.516	n/a	NonTarget	1	59129
236.74	n/a	Target	2	59185
236.964	n/a	NonTarget	1	59241
237.192	n/a	NonTarget	1	59298
237.416	n/a	NonTarget	1	59354
237.644	n/a	NonTarget	1	59411
237.868	n/a	NonTarget	1	59467
238.092	n/a	NonTarget	1	59523
238.316	n/a	Target	2	59579
238.54	n/a	NonTarget	1	59635
238.768	n/a	NonTarget	1	59692
238.992	n/a	NonTarget	1	59748
239.22	n/a	NonTarget	1	59805
239.444	n/a	NonTarget	1	59861
239.668	n/a	NonTarget	1	59917
239.892	n/a	NonTarget	1	59973
240.12	n/a	NonTarget	1	60030
240.348	n/a	NonTarget	1	60087
240.572	n/a	NonTarget	1	60143
240.796	n/a	Target	2	60199
241.02	n/a	NonTarget	1	60255
241.248	n/a	NonTarget	1	60312
241.472	n/a	NonTarget	1	60368
241.7	n/a	NonTarget	1	60425
241.924	n/a	NonTarget	1	60481
242.148	n/a	NonTarget	1	60537
242.372	n/a	Target	2	60593
242.6	n/a	NonTarget	1	60650
242.824	n/a	NonTarget	1	60706
243.052	n/a	NonTarget	1	60763
243.276	n/a	NonTarget	1	60819
243.5	n/a	NonTarget	1	60875
243.724	n/a	NonTarget	1	60931
243.952	n/a	NonTarget	1	60988
244.176	n/a	Target	2	61044
244.4	n/a	NonTarget	1	61100
244.624	n/a	NonTarget	1	61156
244.852	n/a	NonTarget	1	61213
245.076	n/a	NonTarget	1	61269
245.304	n/a	Target	2	61326
245.528	n/a	NonTarget	1	61382
245.752	n/a	NonTarget	1	61438
245.98	n/a	NonTarget	1	61495
246.204	n/a	NonTarget	1	61551
246.428	n/a	NonTarget	1	61607
246.656	n/a	NonTarget	1	61664
266.388	n/a	NonTarget	1	66597
266.612	n/a	NonTarget	1	66653
266.836	n/a	NonTarget	1	66709
267.064	n/a	NonTarget	1	66766
267.288	n/a	NonTarget	1	66822
267.516	n/a	NonTarget	1	66879
267.74	n/a	NonTarget	1	66935
267.964	n/a	NonTarget	1	66991
268.192	n/a	Target	2	67048
268.416	n/a	NonTarget	1	67104
268.64	n/a	NonTarget	1	67160
268.868	n/a	NonTarget	1	67217
269.092	n/a	NonTarget	1	67273
269.32	n/a	Target	2	67330
269.544	n/a	NonTarget	1	67386
269.768	n/a	NonTarget	1	67442
269.996	n/a	NonTarget	1	67499
270.22	n/a	NonTarget	1	67555
270.444	n/a	NonTarget	1	67611
270.668	n/a	NonTarget	1	67667
270.896	n/a	NonTarget	1	67724
271.12	n/a	NonTarget	1	67780
271.348	n/a	NonTarget	1	67837
271.572	n/a	NonTarget	1	67893
271.796	n/a	NonTarget	1	67949
272.024	n/a	Target	2	68006
272.248	n/a	NonTarget	1	68062
272.476	n/a	NonTarget	1	68119
272.7	n/a	NonTarget	1	68175
272.928	n/a	NonTarget	1	68232
273.152	n/a	NonTarget	1	68288
273.376	n/a	NonTarget	1	68344
273.604	n/a	Target	2	68401
273.828	n/a	NonTarget	1	68457
274.052	n/a	NonTarget	1	68513
274.28	n/a	NonTarget	1	68570
274.504	n/a	NonTarget	1	68626
274.728	n/a	NonTarget	1	68682
274.952	n/a	NonTarget	1	68738
275.18	n/a	NonTarget	1	68795
275.404	n/a	NonTarget	1	68851
275.628	n/a	NonTarget	1	68907
275.856	n/a	NonTarget	1	68964
276.08	n/a	Target	2	69020
276.304	n/a	NonTarget	1	69076
276.528	n/a	NonTarget	1	69132
276.756	n/a	NonTarget	1	69189
276.98	n/a	NonTarget	1	69245
277.208	n/a	NonTarget	1	69302
277.432	n/a	NonTarget	1	69358
277.656	n/a	NonTarget	1	69414
277.884	n/a	NonTarget	1	69471
278.108	n/a	Target	2	69527
278.336	n/a	NonTarget	1	69584
278.56	n/a	NonTarget	1	69640
278.784	n/a	NonTarget	1	69696
279.012	n/a	NonTarget	1	69753
279.236	n/a	NonTarget	1	69809
279.464	n/a	NonTarget	1	69866
279.688	n/a	NonTarget	1	69922
279.912	n/a	NonTarget	1	69978
280.14	n/a	Target	2	70035
280.364	n/a	NonTarget	1	70091
280.592	n/a	NonTarget	1	70148
280.816	n/a	NonTarget	1	70204
281.04	n/a	NonTarget	1	70260
281.268	n/a	NonTarget	1	70317
281.492	n/a	NonTarget	1	70373
281.72	n/a	Target	2	70430
281.944	n/a	NonTarget	1	70486
282.168	n/a	NonTarget	1	70542
282.396	n/a	NonTarget	1	70599
282.62	n/a	NonTarget	1	70655
282.844	n/a	NonTarget	1	70711
283.072	n/a	NonTarget	1	70768
283.296	n/a	NonTarget	1	70824
283.524	n/a	NonTarget	1	70881
283.748	n/a	NonTarget	1	70937
283.972	n/a	NonTarget	1	70993
284.2	n/a	NonTarget	1	71050
284.424	n/a	NonTarget	1	71106
284.652	n/a	Target	2	71163
284.876	n/a	NonTarget	1	71219
285.1	n/a	NonTarget	1	71275
285.328	n/a	NonTarget	1	71332
285.552	n/a	NonTarget	1	71388
285.78	n/a	NonTarget	1	71445
286.004	n/a	NonTarget	1	71501
286.228	n/a	NonTarget	1	71557
286.452	n/a	NonTarget	1	71613
286.68	n/a	Target	2	71670
286.904	n/a	NonTarget	1	71726
287.128	n/a	NonTarget	1	71782
287.356	n/a	NonTarget	1	71839
287.58	n/a	NonTarget	1	71895
287.804	n/a	Target	2	71951
288.032	n/a	NonTarget	1	72008
288.256	n/a	NonTarget	1	72064
288.48	n/a	NonTarget	1	72120
288.704	n/a	NonTarget	1	72176
288.932	n/a	NonTarget	1	72233
289.156	n/a	NonTarget	1	72289
289.38	n/a	Target	2	72345
289.608	n/a	NonTarget	1	72402
289.832	n/a	NonTarget	1	72458
290.056	n/a	NonTarget	1	72514
290.284	n/a	NonTarget	1	72571
290.508	n/a	NonTarget	1	72627
305.244	n/a	NonTarget	1	76311
305.468	n/a	NonTarget	1	76367
305.692	n/a	NonTarget	1	76423
305.92	n/a	NonTarget	1	76480
306.144	n/a	NonTarget	1	76536
306.372	n/a	NonTarget	1	76593
306.596	n/a	NonTarget	1	76649
306.82	n/a	NonTarget	1	76705
307.044	n/a	Target	2	76761
307.272	n/a	NonTarget	1	76818
307.496	n/a	NonTarget	1	76874
307.724	n/a	NonTarget	1	76931
307.948	n/a	NonTarget	1	76987
308.172	n/a	Target	2	77043
308.4	n/a	NonTarget	1	77100
308.624	n/a	NonTarget	1	77156
308.852	n/a	NonTarget	1	77213
309.076	n/a	NonTarget	1	77269
309.3	n/a	NonTarget	1	77325
309.524	n/a	NonTarget	1	77381
309.748	n/a	NonTarget	1	77437
309.976	n/a	NonTarget	1	77494
310.2	n/a	NonTarget	1	77550
310.428	n/a	Target	2	77607
310.652	n/a	NonTarget	1	77663
310.876	n/a	NonTarget	1	77719
311.104	n/a	NonTarget	1	77776
311.328	n/a	NonTarget	1	77832
311.556	n/a	NonTarget	1	77889
311.78	n/a	Target	2	77945
312.004	n/a	NonTarget	1	78001
312.232	n/a	NonTarget	1	78058
312.456	n/a	NonTarget	1	78114
312.684	n/a	NonTarget	1	78171
312.908	n/a	NonTarget	1	78227
313.136	n/a	NonTarget	1	78284
313.36	n/a	NonTarget	1	78340
313.584	n/a	NonTarget	1	78396
313.812	n/a	NonTarget	1	78453
314.036	n/a	Target	2	78509
314.264	n/a	NonTarget	1	78566
314.488	n/a	NonTarget	1	78622
314.712	n/a	NonTarget	1	78678
314.94	n/a	NonTarget	1	78735
315.164	n/a	NonTarget	1	78791
315.388	n/a	NonTarget	1	78847
315.612	n/a	NonTarget	1	78903
315.836	n/a	Target	2	78959
316.064	n/a	NonTarget	1	79016
316.288	n/a	NonTarget	1	79072
316.516	n/a	NonTarget	1	79129
316.74	n/a	NonTarget	1	79185
316.968	n/a	NonTarget	1	79242
317.192	n/a	NonTarget	1	79298
317.416	n/a	NonTarget	1	79354
317.644	n/a	NonTarget	1	79411
317.868	n/a	NonTarget	1	79467
318.092	n/a	NonTarget	1	79523
318.32	n/a	NonTarget	1	79580
318.544	n/a	NonTarget	1	79636
318.768	n/a	Target	2	79692
318.996	n/a	NonTarget	1	79749
319.22	n/a	NonTarget	1	79805
319.448	n/a	NonTarget	1	79862
319.672	n/a	NonTarget	1	79918
319.896	n/a	Target	2	79974
320.124	n/a	NonTarget	1	80031
320.348	n/a	NonTarget	1	80087
320.572	n/a	NonTarget	1	80143
320.8	n/a	NonTarget	1	80200
321.024	n/a	NonTarget	1	80256
321.248	n/a	NonTarget	1	80312
321.472	n/a	NonTarget	1	80368
321.7	n/a	NonTarget	1	80425
321.924	n/a	NonTarget	1	80481
322.152	n/a	Target	2	80538
322.376	n/a	NonTarget	1	80594
322.6	n/a	NonTarget	1	80650
322.828	n/a	NonTarget	1	80707
323.052	n/a	NonTarget	1	80763
323.28	n/a	NonTarget	1	80820
323.504	n/a	NonTarget	1	80876
323.728	n/a	NonTarget	1	80932
323.956	n/a	Target	2	80989
324.18	n/a	NonTarget	1	81045
324.408	n/a	NonTarget	1	81102
324.632	n/a	NonTarget	1	81158
324.856	n/a	NonTarget	1	81214
325.084	n/a	NonTarget	1	81271
325.308	n/a	NonTarget	1	81327
325.532	n/a	NonTarget	1	81383
325.76	n/a	Target	2	81440
325.984	n/a	NonTarget	1	81496
326.208	n/a	NonTarget	1	81552
326.432	n/a	NonTarget	1	81608
326.66	n/a	NonTarget	1	81665
326.884	n/a	NonTarget	1	81721
327.112	n/a	NonTarget	1	81778
327.336	n/a	NonTarget	1	81834
327.56	n/a	NonTarget	1	81890
327.788	n/a	Target	2	81947
328.012	n/a	NonTarget	1	82003
328.236	n/a	NonTarget	1	82059
328.464	n/a	NonTarget	1	82116
328.688	n/a	NonTarget	1	82172
328.912	n/a	NonTarget	1	82228
329.14	n/a	NonTarget	1	82285
329.364	n/a	NonTarget	1	82341
329.592	n/a	NonTarget	1	82398
346.42	n/a	NonTarget	1	86605
346.644	n/a	NonTarget	1	86661
346.872	n/a	NonTarget	1	86718
347.096	n/a	NonTarget	1	86774
347.32	n/a	NonTarget	1	86830
347.548	n/a	NonTarget	1	86887
347.772	n/a	Target	2	86943
347.996	n/a	NonTarget	1	86999
348.224	n/a	NonTarget	1	87056
348.448	n/a	NonTarget	1	87112
348.676	n/a	NonTarget	1	87169
348.9	n/a	NonTarget	1	87225
349.124	n/a	NonTarget	1	87281
349.348	n/a	NonTarget	1	87337
349.576	n/a	NonTarget	1	87394
349.8	n/a	Target	2	87450
350.024	n/a	NonTarget	1	87506
350.252	n/a	NonTarget	1	87563
350.476	n/a	NonTarget	1	87619
350.7	n/a	NonTarget	1	87675
350.928	n/a	NonTarget	1	87732
351.152	n/a	Target	2	87788
351.376	n/a	NonTarget	1	87844
351.604	n/a	NonTarget	1	87901
351.828	n/a	NonTarget	1	87957
352.056	n/a	NonTarget	1	88014
352.28	n/a	NonTarget	1	88070
352.504	n/a	NonTarget	1	88126
352.728	n/a	NonTarget	1	88182
352.956	n/a	Target	2	88239
353.18	n/a	NonTarget	1	88295
353.404	n/a	NonTarget	1	88351
353.632	n/a	NonTarget	1	88408
353.856	n/a	NonTarget	1	88464
354.08	n/a	NonTarget	1	88520
354.308	n/a	NonTarget	1	88577
354.532	n/a	NonTarget	1	88633
354.76	n/a	NonTarget	1	88690
354.984	n/a	Target	2	88746
355.212	n/a	NonTarget	1	88803
355.436	n/a	NonTarget	1	88859
355.66	n/a	NonTarget	1	88915
355.888	n/a	NonTarget	1	88972
356.112	n/a	NonTarget	1	89028
356.34	n/a	NonTarget	1	89085
356.564	n/a	NonTarget	1	89141
356.788	n/a	NonTarget	1	89197
357.016	n/a	NonTarget	1	89254
357.24	n/a	NonTarget	1	89310
357.468	n/a	Target	2	89367
357.692	n/a	NonTarget	1	89423
357.916	n/a	NonTarget	1	89479
358.144	n/a	NonTarget	1	89536
358.368	n/a	NonTarget	1	89592
358.596	n/a	NonTarget	1	89649
358.82	n/a	NonTarget	1	89705
359.044	n/a	NonTarget	1	89761
359.268	n/a	NonTarget	1	89817
359.496	n/a	NonTarget	1	89874
359.724	n/a	Target	2	89931
359.948	n/a	NonTarget	1	89987
360.172	n/a	NonTarget	1	90043
360.4	n/a	NonTarget	1	90100
360.624	n/a	NonTarget	1	90156
360.848	n/a	NonTarget	1	90212
361.076	n/a	NonTarget	1	90269
361.3	n/a	NonTarget	1	90325
361.528	n/a	NonTarget	1	90382
361.752	n/a	NonTarget	1	90438
361.976	n/a	NonTarget	1	90494
362.204	n/a	Target	2	90551
362.428	n/a	NonTarget	1	90607
362.652	n/a	NonTarget	1	90663
362.88	n/a	NonTarget	1	90720
363.104	n/a	NonTarget	1	90776
363.328	n/a	NonTarget	1	90832
363.552	n/a	NonTarget	1	90888
363.78	n/a	Target	2	90945
364.004	n/a	NonTarget	1	91001
364.228	n/a	NonTarget	1	91057
364.456	n/a	NonTarget	1	91114
364.68	n/a	NonTarget	1	91170
364.908	n/a	Target	2	91227
365.132	n/a	NonTarget	1	91283
365.356	n/a	NonTarget	1	91339
365.584	n/a	NonTarget	1	91396
365.808	n/a	NonTarget	1	91452
366.036	n/a	NonTarget	1	91509
366.26	n/a	NonTarget	1	91565
366.488	n/a	NonTarget	1	91622
366.712	n/a	NonTarget	1	91678
366.936	n/a	Target	2	91734
367.164	n/a	NonTarget	1	91791
367.392	n/a	NonTarget	1	91848
367.616	n/a	NonTarget	1	91904
367.844	n/a	NonTarget	1	91961
368.068	n/a	NonTarget	1	92017
368.292	n/a	NonTarget	1	92073
368.516	n/a	NonTarget	1	92129
368.744	n/a	NonTarget	1	92186
368.968	n/a	NonTarget	1	92242
369.192	n/a	NonTarget	1	92298
369.42	n/a	NonTarget	1	92355
369.644	n/a	NonTarget	1	92411
369.868	n/a	Target	2	92467
370.096	n/a	NonTarget	1	92524
370.32	n/a	NonTarget	1	92580
370.544	n/a	NonTarget	1	92636
398.32	n/a	NonTarget	1	99580
398.544	n/a	NonTarget	1	99636
398.772	n/a	Target	2	99693
398.996	n/a	NonTarget	1	99749
399.22	n/a	NonTarget	1	99805
399.448	n/a	NonTarget	1	99862
399.672	n/a	NonTarget	1	99918
399.9	n/a	NonTarget	1	99975
400.124	n/a	NonTarget	1	100031
400.348	n/a	NonTarget	1	100087
400.576	n/a	NonTarget	1	100144
400.8	n/a	NonTarget	1	100200
401.024	n/a	NonTarget	1	100256
401.252	n/a	NonTarget	1	100313
401.476	n/a	NonTarget	1	100369
401.7	n/a	Target	2	100425
401.924	n/a	NonTarget	1	100481
402.152	n/a	NonTarget	1	100538
402.376	n/a	NonTarget	1	100594
402.604	n/a	NonTarget	1	100651
402.828	n/a	NonTarget	1	100707
403.052	n/a	NonTarget	1	100763
403.28	n/a	NonTarget	1	100820
403.504	n/a	NonTarget	1	100876
403.732	n/a	Target	2	100933
403.956	n/a	NonTarget	1	100989
404.18	n/a	NonTarget	1	101045
404.408	n/a	NonTarget	1	101102
404.632	n/a	NonTarget	1	101158
404.86	n/a	Target	2	101215
405.084	n/a	NonTarget	1	101271
405.312	n/a	NonTarget	1	101328
405.536	n/a	NonTarget	1	101384
405.76	n/a	NonTarget	1	101440
405.988	n/a	NonTarget	1	101497
406.212	n/a	NonTarget	1	101553
406.44	n/a	NonTarget	1	101610
406.664	n/a	NonTarget	1	101666
406.888	n/a	NonTarget	1	101722
407.112	n/a	NonTarget	1	101778
407.336	n/a	NonTarget	1	101834
407.564	n/a	NonTarget	1	101891
407.788	n/a	Target	2	101947
408.016	n/a	NonTarget	1	102004
408.24	n/a	NonTarget	1	102060
408.464	n/a	NonTarget	1	102116
408.692	n/a	NonTarget	1	102173
408.916	n/a	NonTarget	1	102229
409.14	n/a	NonTarget	1	102285
409.364	n/a	Target	2	102341
409.588	n/a	NonTarget	1	102397
409.816	n/a	NonTarget	1	102454
410.04	n/a	NonTarget	1	102510
410.268	n/a	NonTarget	1	102567
410.492	n/a	NonTarget	1	102623
410.716	n/a	NonTarget	1	102679
410.944	n/a	Target	2	102736
411.168	n/a	NonTarget	1	102792
411.396	n/a	NonTarget	1	102849
411.62	n/a	NonTarget	1	102905
411.844	n/a	NonTarget	1	102961
412.072	n/a	NonTarget	1	103018
412.296	n/a	NonTarget	1	103074
412.524	n/a	NonTarget	1	103131
412.748	n/a	NonTarget	1	103187
412.972	n/a	NonTarget	1	103243
413.2	n/a	NonTarget	1	103300
413.424	n/a	NonTarget	1	103356
413.648	n/a	NonTarget	1	103412
413.876	n/a	NonTarget	1	103469
414.1	n/a	NonTarget	1	103525
414.324	n/a	Target	2	103581
414.548	n/a	NonTarget	1	103637
414.776	n/a	NonTarget	1	103694
415.0	n/a	NonTarget	1	103750
415.224	n/a	Target	2	103806
415.452	n/a	NonTarget	1	103863
415.676	n/a	NonTarget	1	103919
415.9	n/a	NonTarget	1	103975
416.124	n/a	NonTarget	1	104031
416.352	n/a	NonTarget	1	104088
416.576	n/a	NonTarget	1	104144
416.8	n/a	NonTarget	1	104200
417.028	n/a	NonTarget	1	104257
417.252	n/a	Target	2	104313
417.48	n/a	NonTarget	1	104370
417.704	n/a	NonTarget	1	104426
417.928	n/a	NonTarget	1	104482
418.156	n/a	NonTarget	1	104539
418.38	n/a	NonTarget	1	104595
418.604	n/a	NonTarget	1	104651
418.832	n/a	NonTarget	1	104708
419.056	n/a	NonTarget	1	104764
419.284	n/a	NonTarget	1	104821
419.508	n/a	NonTarget	1	104877
419.732	n/a	NonTarget	1	104933
419.96	n/a	NonTarget	1	104990
420.184	n/a	NonTarget	1	105046
420.408	n/a	Target	2	105102
420.632	n/a	NonTarget	1	105158
420.86	n/a	NonTarget	1	105215
421.084	n/a	NonTarget	1	105271
421.312	n/a	Target	2	105328
421.536	n/a	NonTarget	1	105384
421.76	n/a	NonTarget	1	105440
421.988	n/a	NonTarget	1	105497
422.212	n/a	NonTarget	1	105553
422.44	n/a	NonTarget	1	105610
441.536	n/a	NonTarget	1	110384
441.76	n/a	NonTarget	1	110440
441.988	n/a	NonTarget	1	110497
442.212	n/a	NonTarget	1	110553
442.44	n/a	NonTarget	1	110610
442.664	n/a	NonTarget	1	110666
442.888	n/a	NonTarget	1	110722
443.116	n/a	NonTarget	1	110779
443.34	n/a	NonTarget	1	110835
443.568	n/a	Target	2	110892
443.792	n/a	NonTarget	1	110948
444.016	n/a	NonTarget	1	111004
444.244	n/a	NonTarget	1	111061
444.468	n/a	NonTarget	1	111117
444.696	n/a	NonTarget	1	111174
444.92	n/a	NonTarget	1	111230
445.144	n/a	NonTarget	1	111286
445.368	n/a	NonTarget	1	111342
445.596	n/a	Target	2	111399
445.82	n/a	NonTarget	1	111455
446.044	n/a	NonTarget	1	111511
446.272	n/a	NonTarget	1	111568
446.496	n/a	Target	2	111624
446.72	n/a	NonTarget	1	111680
446.948	n/a	NonTarget	1	111737
447.172	n/a	NonTarget	1	111793
447.4	n/a	NonTarget	1	111850
447.624	n/a	NonTarget	1	111906
447.852	n/a	NonTarget	1	111963
448.076	n/a	NonTarget	1	112019
448.3	n/a	NonTarget	1	112075
448.528	n/a	NonTarget	1	112132
448.752	n/a	Target	2	112188
448.98	n/a	NonTarget	1	112245
449.204	n/a	NonTarget	1	112301
449.428	n/a	NonTarget	1	112357
449.656	n/a	NonTarget	1	112414
449.88	n/a	NonTarget	1	112470
450.108	n/a	NonTarget	1	112527
450.332	n/a	NonTarget	1	112583
450.56	n/a	NonTarget	1	112640
450.784	n/a	NonTarget	1	112696
451.008	n/a	NonTarget	1	112752
451.232	n/a	Target	2	112808
451.46	n/a	NonTarget	1	112865
451.684	n/a	NonTarget	1	112921
451.908	n/a	NonTarget	1	112977
452.136	n/a	NonTarget	1	113034
452.36	n/a	NonTarget	1	113090
452.584	n/a	NonTarget	1	113146
452.812	n/a	NonTarget	1	113203
453.036	n/a	NonTarget	1	113259
453.26	n/a	NonTarget	1	113315
453.488	n/a	NonTarget	1	113372
453.712	n/a	Target	2	113428
453.94	n/a	NonTarget	1	113485
454.164	n/a	NonTarget	1	113541
454.392	n/a	NonTarget	1	113598
454.616	n/a	NonTarget	1	113654
454.84	n/a	NonTarget	1	113710
455.068	n/a	Target	2	113767
455.292	n/a	NonTarget	1	113823
455.52	n/a	NonTarget	1	113880
455.744	n/a	NonTarget	1	113936
455.968	n/a	NonTarget	1	113992
456.192	n/a	NonTarget	1	114048
456.42	n/a	NonTarget	1	114105
456.644	n/a	NonTarget	1	114161
456.868	n/a	NonTarget	1	114217
457.092	n/a	Target	2	114273
457.32	n/a	NonTarget	1	114330
457.544	n/a	NonTarget	1	114386
457.772	n/a	NonTarget	1	114443
457.996	n/a	NonTarget	1	114499
458.22	n/a	NonTarget	1	114555
458.448	n/a	Target	2	114612
458.672	n/a	NonTarget	1	114668
458.9	n/a	NonTarget	1	114725
459.124	n/a	NonTarget	1	114781
459.348	n/a	NonTarget	1	114837
459.572	n/a	NonTarget	1	114893
459.796	n/a	NonTarget	1	114949
460.024	n/a	NonTarget	1	115006
460.252	n/a	NonTarget	1	115063
460.476	n/a	Target	2	115119
460.7	n/a	NonTarget	1	115175
460.924	n/a	NonTarget	1	115231
461.152	n/a	NonTarget	1	115288
461.376	n/a	NonTarget	1	115344
461.604	n/a	NonTarget	1	115401
461.828	n/a	NonTarget	1	115457
462.052	n/a	NonTarget	1	115513
462.28	n/a	Target	2	115570
462.504	n/a	NonTarget	1	115626
462.732	n/a	NonTarget	1	115683
462.956	n/a	NonTarget	1	115739
463.18	n/a	NonTarget	1	115795
463.404	n/a	NonTarget	1	115851
463.628	n/a	NonTarget	1	115907
463.856	n/a	NonTarget	1	115964
464.08	n/a	NonTarget	1	116020
464.308	n/a	NonTarget	1	116077
464.532	n/a	NonTarget	1	116133
464.756	n/a	NonTarget	1	116189
464.984	n/a	NonTarget	1	116246
465.208	n/a	NonTarget	1	116302
465.436	n/a	NonTarget	1	116359
465.66	n/a	Target	2	116415
465.884	n/a	NonTarget	1	116471
480.876	n/a	Target	2	120219
481.1	n/a	NonTarget	1	120275
481.328	n/a	NonTarget	1	120332
481.552	n/a	NonTarget	1	120388
481.776	n/a	NonTarget	1	120444
482.0	n/a	NonTarget	1	120500
482.232	n/a	Target	2	120558
482.456	n/a	NonTarget	1	120614
482.684	n/a	NonTarget	1	120671
482.908	n/a	NonTarget	1	120727
483.132	n/a	NonTarget	1	120783
483.36	n/a	NonTarget	1	120840
483.584	n/a	NonTarget	1	120896
483.812	n/a	Target	2	120953
484.036	n/a	NonTarget	1	121009
484.26	n/a	NonTarget	1	121065
484.488	n/a	NonTarget	1	121122
484.712	n/a	NonTarget	1	121178
484.94	n/a	NonTarget	1	121235
485.164	n/a	NonTarget	1	121291
485.388	n/a	NonTarget	1	121347
485.612	n/a	NonTarget	1	121403
485.836	n/a	NonTarget	1	121459
486.064	n/a	NonTarget	1	121516
486.288	n/a	NonTarget	1	121572
486.516	n/a	NonTarget	1	121629
486.74	n/a	Target	2	121685
486.964	n/a	NonTarget	1	121741
487.192	n/a	NonTarget	1	121798
487.416	n/a	NonTarget	1	121854
487.644	n/a	NonTarget	1	121911
487.868	n/a	NonTarget	1	121967
488.092	n/a	NonTarget	1	122023
488.32	n/a	Target	2	122080
488.544	n/a	NonTarget	1	122136
488.772	n/a	NonTarget	1	122193
488.996	n/a	NonTarget	1	122249
489.22	n/a	NonTarget	1	122305
489.444	n/a	NonTarget	1	122361
489.668	n/a	NonTarget	1	122417
489.896	n/a	Target	2	122474
490.12	n/a	NonTarget	1	122530
490.348	n/a	NonTarget	1	122587
490.572	n/a	NonTarget	1	122643
490.796	n/a	NonTarget	1	122699
491.024	n/a	NonTarget	1	122756
491.248	n/a	NonTarget	1	122812
491.476	n/a	NonTarget	1	122869
491.7	n/a	NonTarget	1	122925
491.924	n/a	NonTarget	1	122981
492.148	n/a	NonTarget	1	123037
492.376	n/a	NonTarget	1	123094
492.604	n/a	NonTarget	1	123151
492.828	n/a	NonTarget	1	123207
493.052	n/a	Target	2	123263
493.28	n/a	NonTarget	1	123320
493.504	n/a	NonTarget	1	123376
493.728	n/a	NonTarget	1	123432
493.956	n/a	Target	2	123489
494.18	n/a	NonTarget	1	123545
494.408	n/a	NonTarget	1	123602
494.632	n/a	NonTarget	1	123658
494.856	n/a	NonTarget	1	123714
495.084	n/a	NonTarget	1	123771
495.308	n/a	NonTarget	1	123827
495.532	n/a	NonTarget	1	123883
495.756	n/a	Target	2	123939
495.984	n/a	NonTarget	1	123996
496.208	n/a	NonTarget	1	124052
496.432	n/a	NonTarget	1	124108
496.66	n/a	NonTarget	1	124165
496.884	n/a	NonTarget	1	124221
497.108	n/a	NonTarget	1	124277
497.336	n/a	NonTarget	1	124334
497.564	n/a	NonTarget	1	124391
497.788	n/a	NonTarget	1	124447
498.012	n/a	NonTarget	1	124503
498.24	n/a	Target	2	124560
498.464	n/a	NonTarget	1	124616
498.688	n/a	NonTarget	1	124672
498.916	n/a	NonTarget	1	124729
499.14	n/a	NonTarget	1	124785
499.368	n/a	NonTarget	1	124842
499.592	n/a	NonTarget	1	124898
499.816	n/a	NonTarget	1	124954
500.044	n/a	NonTarget	1	125011
500.268	n/a	NonTarget	1	125067
500.496	n/a	NonTarget	1	125124
500.72	n/a	NonTarget	1	125180
500.944	n/a	Target	2	125236
501.168	n/a	NonTarget	1	125292
501.396	n/a	NonTarget	1	125349
501.62	n/a	NonTarget	1	125405
501.848	n/a	NonTarget	1	125462
502.072	n/a	NonTarget	1	125518
502.296	n/a	NonTarget	1	125574
502.524	n/a	NonTarget	1	125631
502.748	n/a	Target	2	125687
502.976	n/a	NonTarget	1	125744
503.2	n/a	NonTarget	1	125800
503.424	n/a	NonTarget	1	125856
503.652	n/a	NonTarget	1	125913
503.876	n/a	NonTarget	1	125969
504.104	n/a	NonTarget	1	126026
504.328	n/a	NonTarget	1	126082
504.556	n/a	NonTarget	1	126139
504.78	n/a	NonTarget	1	126195
505.004	n/a	NonTarget	1	126251
522.436	n/a	NonTarget	1	130609
522.66	n/a	NonTarget	1	130665
522.884	n/a	NonTarget	1	130721
523.112	n/a	NonTarget	1	130778
523.336	n/a	NonTarget	1	130834
523.56	n/a	NonTarget	1	130890
523.784	n/a	NonTarget	1	130946
524.012	n/a	NonTarget	1	131003
524.236	n/a	NonTarget	1	131059
524.46	n/a	Target	2	131115
524.688	n/a	NonTarget	1	131172
524.912	n/a	NonTarget	1	131228
525.14	n/a	NonTarget	1	131285
525.364	n/a	NonTarget	1	131341
525.588	n/a	NonTarget	1	131397
525.816	n/a	NonTarget	1	131454
526.04	n/a	NonTarget	1	131510
526.268	n/a	Target	2	131567
526.492	n/a	NonTarget	1	131623
526.716	n/a	NonTarget	1	131679
526.944	n/a	NonTarget	1	131736
527.168	n/a	NonTarget	1	131792
527.396	n/a	NonTarget	1	131849
527.62	n/a	NonTarget	1	131905
527.844	n/a	NonTarget	1	131961
528.068	n/a	NonTarget	1	132017
528.296	n/a	NonTarget	1	132074
528.52	n/a	Target	2	132130
528.744	n/a	NonTarget	1	132186
528.972	n/a	NonTarget	1	132243
529.196	n/a	NonTarget	1	132299
529.42	n/a	NonTarget	1	132355
529.648	n/a	Target	2	132412
529.872	n/a	NonTarget	1	132468
530.1	n/a	NonTarget	1	132525
530.324	n/a	NonTarget	1	132581
530.548	n/a	NonTarget	1	132637
530.776	n/a	NonTarget	1	132694
531.0	n/a	NonTarget	1	132750
531.228	n/a	NonTarget	1	132807
531.452	n/a	NonTarget	1	132863
531.68	n/a	NonTarget	1	132920
531.904	n/a	NonTarget	1	132976
532.128	n/a	Target	2	133032
532.356	n/a	NonTarget	1	133089
532.58	n/a	NonTarget	1	133145
532.808	n/a	NonTarget	1	133202
533.032	n/a	NonTarget	1	133258
533.256	n/a	NonTarget	1	133314
533.48	n/a	NonTarget	1	133370
533.708	n/a	NonTarget	1	133427
533.932	n/a	NonTarget	1	133483
534.156	n/a	Target	2	133539
534.384	n/a	NonTarget	1	133596
534.608	n/a	NonTarget	1	133652
534.836	n/a	NonTarget	1	133709
535.06	n/a	Target	2	133765
535.284	n/a	NonTarget	1	133821
535.512	n/a	NonTarget	1	133878
535.736	n/a	NonTarget	1	133934
535.96	n/a	NonTarget	1	133990
536.188	n/a	NonTarget	1	134047
536.412	n/a	NonTarget	1	134103
536.636	n/a	NonTarget	1	134159
536.864	n/a	NonTarget	1	134216
537.088	n/a	NonTarget	1	134272
537.312	n/a	NonTarget	1	134328
537.54	n/a	NonTarget	1	134385
537.764	n/a	NonTarget	1	134441
537.988	n/a	NonTarget	1	134497
538.212	n/a	NonTarget	1	134553
538.44	n/a	NonTarget	1	134610
538.664	n/a	Target	2	134666
538.892	n/a	NonTarget	1	134723
539.116	n/a	NonTarget	1	134779
539.34	n/a	NonTarget	1	134835
539.564	n/a	NonTarget	1	134891
539.792	n/a	NonTarget	1	134948
540.016	n/a	NonTarget	1	135004
540.244	n/a	NonTarget	1	135061
540.468	n/a	Target	2	135117
540.692	n/a	NonTarget	1	135173
540.916	n/a	NonTarget	1	135229
541.144	n/a	NonTarget	1	135286
541.368	n/a	NonTarget	1	135342
541.596	n/a	NonTarget	1	135399
541.82	n/a	NonTarget	1	135455
542.044	n/a	NonTarget	1	135511
542.272	n/a	Target	2	135568
542.496	n/a	NonTarget	1	135624
542.724	n/a	NonTarget	1	135681
542.948	n/a	NonTarget	1	135737
543.172	n/a	NonTarget	1	135793
543.4	n/a	NonTarget	1	135850
543.624	n/a	NonTarget	1	135906
543.852	n/a	NonTarget	1	135963
544.076	n/a	NonTarget	1	136019
544.3	n/a	Target	2	136075
544.524	n/a	NonTarget	1	136131
544.748	n/a	NonTarget	1	136187
544.976	n/a	NonTarget	1	136244
545.2	n/a	NonTarget	1	136300
545.428	n/a	NonTarget	1	136357
545.652	n/a	NonTarget	1	136413
545.876	n/a	NonTarget	1	136469
546.104	n/a	NonTarget	1	136526
546.328	n/a	NonTarget	1	136582
546.552	n/a	NonTarget	1	136638
546.776	n/a	Target	2	136694
563.696	n/a	NonTarget	1	140924
563.92	n/a	NonTarget	1	140980
564.148	n/a	NonTarget	1	141037
564.372	n/a	Target	2	141093
564.6	n/a	NonTarget	1	141150
564.824	n/a	NonTarget	1	141206
565.048	n/a	NonTarget	1	141262
565.276	n/a	NonTarget	1	141319
565.5	n/a	NonTarget	1	141375
565.728	n/a	NonTarget	1	141432
565.952	n/a	NonTarget	1	141488
566.176	n/a	NonTarget	1	141544
566.4	n/a	NonTarget	1	141600
566.628	n/a	NonTarget	1	141657
566.856	n/a	NonTarget	1	141714
567.08	n/a	NonTarget	1	141770
567.304	n/a	NonTarget	1	141826
567.532	n/a	NonTarget	1	141883
567.756	n/a	Target	2	141939
567.98	n/a	NonTarget	1	141995
568.208	n/a	NonTarget	1	142052
568.432	n/a	NonTarget	1	142108
568.66	n/a	NonTarget	1	142165
568.884	n/a	Target	2	142221
569.108	n/a	NonTarget	1	142277
569.336	n/a	NonTarget	1	142334
569.56	n/a	NonTarget	1	142390
569.784	n/a	NonTarget	1	142446
570.012	n/a	NonTarget	1	142503
570.236	n/a	NonTarget	1	142559
570.46	n/a	NonTarget	1	142615
570.684	n/a	NonTarget	1	142671
570.912	n/a	NonTarget	1	142728
571.136	n/a	NonTarget	1	142784
571.36	n/a	Target	2	142840
571.588	n/a	NonTarget	1	142897
571.812	n/a	NonTarget	1	142953
572.04	n/a	NonTarget	1	143010
572.264	n/a	NonTarget	1	143066
572.492	n/a	NonTarget	1	143123
572.716	n/a	NonTarget	1	143179
572.94	n/a	NonTarget	1	143235
573.164	n/a	Target	2	143291
573.392	n/a	NonTarget	1	143348
573.616	n/a	NonTarget	1	143404
573.844	n/a	NonTarget	1	143461
574.068	n/a	NonTarget	1	143517
574.292	n/a	NonTarget	1	143573
574.516	n/a	NonTarget	1	143629
574.744	n/a	NonTarget	1	143686
574.968	n/a	NonTarget	1	143742
575.192	n/a	NonTarget	1	143798
575.42	n/a	Target	2	143855
575.644	n/a	NonTarget	1	143911
575.868	n/a	NonTarget	1	143967
576.096	n/a	NonTarget	1	144024
576.32	n/a	NonTarget	1	144080
576.544	n/a	NonTarget	1	144136
576.772	n/a	NonTarget	1	144193
576.996	n/a	NonTarget	1	144249
577.224	n/a	NonTarget	1	144306
577.448	n/a	NonTarget	1	144362
577.672	n/a	NonTarget	1	144418
577.9	n/a	Target	2	144475
578.124	n/a	NonTarget	1	144531
578.352	n/a	NonTarget	1	144588
578.576	n/a	NonTarget	1	144644
578.804	n/a	NonTarget	1	144701
579.028	n/a	NonTarget	1	144757
579.252	n/a	NonTarget	1	144813
579.48	n/a	Target	2	144870
579.704	n/a	NonTarget	1	144926
579.932	n/a	NonTarget	1	144983
580.156	n/a	NonTarget	1	145039
580.38	n/a	NonTarget	1	145095
580.608	n/a	NonTarget	1	145152
580.832	n/a	NonTarget	1	145208
581.06	n/a	NonTarget	1	145265
581.284	n/a	Target	2	145321
581.508	n/a	NonTarget	1	145377
581.736	n/a	NonTarget	1	145434
581.96	n/a	NonTarget	1	145490
582.188	n/a	NonTarget	1	145547
582.412	n/a	NonTarget	1	145603
582.636	n/a	NonTarget	1	145659
582.86	n/a	NonTarget	1	145715
583.084	n/a	NonTarget	1	145771
583.312	n/a	NonTarget	1	145828
583.536	n/a	NonTarget	1	145884
583.764	n/a	NonTarget	1	145941
583.988	n/a	Target	2	145997
584.212	n/a	NonTarget	1	146053
584.44	n/a	NonTarget	1	146110
584.664	n/a	NonTarget	1	146166
584.892	n/a	NonTarget	1	146223
585.116	n/a	NonTarget	1	146279
585.344	n/a	Target	2	146336
585.568	n/a	NonTarget	1	146392
585.792	n/a	NonTarget	1	146448
586.02	n/a	NonTarget	1	146505
586.244	n/a	NonTarget	1	146561
586.468	n/a	NonTarget	1	146617
586.696	n/a	NonTarget	1	146674
586.92	n/a	NonTarget	1	146730
587.144	n/a	NonTarget	1	146786
587.372	n/a	NonTarget	1	146843
587.6	n/a	NonTarget	1	146900
587.824	n/a	NonTarget	1	146956
588.048	n/a	Target	2	147012
601.904	n/a	NonTarget	1	150476
602.128	n/a	NonTarget	1	150532
602.356	n/a	NonTarget	1	150589
602.58	n/a	NonTarget	1	150645
602.808	n/a	NonTarget	1	150702
603.032	n/a	NonTarget	1	150758
603.26	n/a	NonTarget	1	150815
603.484	n/a	NonTarget	1	150871
603.708	n/a	Target	2	150927
603.936	n/a	NonTarget	1	150984
604.16	n/a	NonTarget	1	151040
604.388	n/a	NonTarget	1	151097
604.612	n/a	NonTarget	1	151153
604.836	n/a	NonTarget	1	151209
605.064	n/a	NonTarget	1	151266
605.288	n/a	NonTarget	1	151322
605.516	n/a	Target	2	151379
605.74	n/a	NonTarget	1	151435
605.968	n/a	NonTarget	1	151492
606.192	n/a	NonTarget	1	151548
606.416	n/a	NonTarget	1	151604
606.64	n/a	NonTarget	1	151660
606.864	n/a	NonTarget	1	151716
607.092	n/a	NonTarget	1	151773
607.316	n/a	Target	2	151829
607.54	n/a	NonTarget	1	151885
607.768	n/a	NonTarget	1	151942
607.992	n/a	NonTarget	1	151998
608.22	n/a	Target	2	152055
608.444	n/a	NonTarget	1	152111
608.668	n/a	NonTarget	1	152167
608.896	n/a	NonTarget	1	152224
609.12	n/a	NonTarget	1	152280
609.348	n/a	NonTarget	1	152337
609.572	n/a	NonTarget	1	152393
609.796	n/a	NonTarget	1	152449
610.024	n/a	NonTarget	1	152506
610.248	n/a	NonTarget	1	152562
610.476	n/a	NonTarget	1	152619
610.7	n/a	NonTarget	1	152675
610.928	n/a	Target	2	152732
611.152	n/a	NonTarget	1	152788
611.376	n/a	NonTarget	1	152844
611.604	n/a	NonTarget	1	152901
611.828	n/a	NonTarget	1	152957
612.052	n/a	NonTarget	1	153013
612.28	n/a	NonTarget	1	153070
612.504	n/a	NonTarget	1	153126
612.728	n/a	NonTarget	1	153182
612.952	n/a	NonTarget	1	153238
613.18	n/a	NonTarget	1	153295
613.404	n/a	Target	2	153351
613.632	n/a	NonTarget	1	153408
613.856	n/a	NonTarget	1	153464
614.08	n/a	NonTarget	1	153520
614.308	n/a	NonTarget	1	153577
614.532	n/a	Target	2	153633
614.76	n/a	NonTarget	1	153690
614.984	n/a	NonTarget	1	153746
615.208	n/a	NonTarget	1	153802
615.432	n/a	NonTarget	1	153858
615.66	n/a	NonTarget	1	153915
615.888	n/a	NonTarget	1	153972
616.112	n/a	NonTarget	1	154028
616.336	n/a	NonTarget	1	154084
616.564	n/a	NonTarget	1	154141
616.788	n/a	Target	2	154197
617.012	n/a	NonTarget	1	154253
617.24	n/a	NonTarget	1	154310
617.464	n/a	NonTarget	1	154366
617.688	n/a	NonTarget	1	154422
617.912	n/a	NonTarget	1	154478
618.14	n/a	NonTarget	1	154535
618.364	n/a	NonTarget	1	154591
618.592	n/a	NonTarget	1	154648
618.816	n/a	NonTarget	1	154704
619.04	n/a	NonTarget	1	154760
619.268	n/a	NonTarget	1	154817
619.492	n/a	NonTarget	1	154873
619.716	n/a	NonTarget	1	154929
619.944	n/a	NonTarget	1	154986
620.168	n/a	Target	2	155042
620.392	n/a	NonTarget	1	155098
620.616	n/a	NonTarget	1	155154
620.844	n/a	NonTarget	1	155211
621.068	n/a	NonTarget	1	155267
621.292	n/a	NonTarget	1	155323
621.52	n/a	Target	2	155380
621.744	n/a	NonTarget	1	155436
621.972	n/a	NonTarget	1	155493
622.196	n/a	NonTarget	1	155549
622.42	n/a	NonTarget	1	155605
622.648	n/a	Target	2	155662
622.872	n/a	NonTarget	1	155718
623.096	n/a	NonTarget	1	155774
623.32	n/a	NonTarget	1	155830
623.548	n/a	NonTarget	1	155887
623.776	n/a	NonTarget	1	155944
624.0	n/a	NonTarget	1	156000
624.224	n/a	NonTarget	1	156056
624.448	n/a	Target	2	156112
624.676	n/a	NonTarget	1	156169
624.9	n/a	NonTarget	1	156225
625.124	n/a	NonTarget	1	156281
625.352	n/a	NonTarget	1	156338
625.576	n/a	NonTarget	1	156394
625.8	n/a	NonTarget	1	156450
626.024	n/a	NonTarget	1	156506
626.252	n/a	NonTarget	1	156563
642.892	n/a	NonTarget	1	160723
643.116	n/a	Target	2	160779
643.344	n/a	NonTarget	1	160836
643.568	n/a	NonTarget	1	160892
643.792	n/a	NonTarget	1	160948
644.02	n/a	NonTarget	1	161005
644.244	n/a	NonTarget	1	161061
644.472	n/a	NonTarget	1	161118
644.696	n/a	NonTarget	1	161174
644.924	n/a	NonTarget	1	161231
645.148	n/a	NonTarget	1	161287
645.372	n/a	NonTarget	1	161343
645.6	n/a	Target	2	161400
645.828	n/a	NonTarget	1	161457
646.052	n/a	NonTarget	1	161513
646.276	n/a	NonTarget	1	161569
646.5	n/a	NonTarget	1	161625
646.728	n/a	NonTarget	1	161682
646.952	n/a	NonTarget	1	161738
647.18	n/a	NonTarget	1	161795
647.404	n/a	NonTarget	1	161851
647.628	n/a	Target	2	161907
647.852	n/a	NonTarget	1	161963
648.076	n/a	NonTarget	1	162019
648.304	n/a	NonTarget	1	162076
648.528	n/a	NonTarget	1	162132
648.756	n/a	NonTarget	1	162189
648.98	n/a	NonTarget	1	162245
649.204	n/a	NonTarget	1	162301
649.432	n/a	Target	2	162358
649.656	n/a	NonTarget	1	162414
649.884	n/a	NonTarget	1	162471
650.108	n/a	NonTarget	1	162527
650.332	n/a	NonTarget	1	162583
650.556	n/a	NonTarget	1	162639
650.784	n/a	NonTarget	1	162696
651.012	n/a	NonTarget	1	162753
651.236	n/a	NonTarget	1	162809
651.46	n/a	NonTarget	1	162865
651.688	n/a	NonTarget	1	162922
651.912	n/a	Target	2	162978
652.136	n/a	NonTarget	1	163034
652.364	n/a	NonTarget	1	163091
652.588	n/a	NonTarget	1	163147
652.816	n/a	NonTarget	1	163204
653.04	n/a	NonTarget	1	163260
653.268	n/a	NonTarget	1	163317
653.492	n/a	NonTarget	1	163373
653.716	n/a	NonTarget	1	163429
653.94	n/a	NonTarget	1	163485
654.164	n/a	Target	2	163541
654.392	n/a	NonTarget	1	163598
654.616	n/a	NonTarget	1	163654
654.844	n/a	NonTarget	1	163711
655.068	n/a	NonTarget	1	163767
655.292	n/a	NonTarget	1	163823
655.52	n/a	NonTarget	1	163880
655.744	n/a	NonTarget	1	163936
655.968	n/a	Target	2	163992
656.196	n/a	NonTarget	1	164049
656.42	n/a	NonTarget	1	164105
656.644	n/a	NonTarget	1	164161
656.868	n/a	NonTarget	1	164217
657.096	n/a	NonTarget	1	164274
657.32	n/a	NonTarget	1	164330
657.548	n/a	NonTarget	1	164387
657.772	n/a	NonTarget	1	164443
657.996	n/a	NonTarget	1	164499
658.224	n/a	NonTarget	1	164556
658.448	n/a	NonTarget	1	164612
658.676	n/a	Target	2	164669
658.9	n/a	NonTarget	1	164725
659.124	n/a	NonTarget	1	164781
659.352	n/a	NonTarget	1	164838
659.576	n/a	NonTarget	1	164894
659.8	n/a	NonTarget	1	164950
660.028	n/a	NonTarget	1	165007
660.252	n/a	NonTarget	1	165063
660.476	n/a	NonTarget	1	165119
660.7	n/a	NonTarget	1	165175
660.928	n/a	Target	2	165232
661.152	n/a	NonTarget	1	165288
661.376	n/a	NonTarget	1	165344
661.604	n/a	NonTarget	1	165401
661.828	n/a	NonTarget	1	165457
662.056	n/a	NonTarget	1	165514
662.28	n/a	NonTarget	1	165570
662.508	n/a	NonTarget	1	165627
662.732	n/a	NonTarget	1	165683
662.956	n/a	NonTarget	1	165739
663.184	n/a	Target	2	165796
663.408	n/a	NonTarget	1	165852
663.636	n/a	NonTarget	1	165909
663.86	n/a	NonTarget	1	165965
664.084	n/a	NonTarget	1	166021
664.312	n/a	Target	2	166078
664.536	n/a	NonTarget	1	166134
664.76	n/a	NonTarget	1	166190
664.984	n/a	NonTarget	1	166246
665.212	n/a	NonTarget	1	166303
665.436	n/a	NonTarget	1	166359
665.66	n/a	Target	2	166415
665.888	n/a	NonTarget	1	166472
666.112	n/a	NonTarget	1	166528
666.34	n/a	NonTarget	1	166585
666.564	n/a	NonTarget	1	166641
666.788	n/a	NonTarget	1	166697
667.016	n/a	NonTarget	1	166754
667.24	n/a	NonTarget	1	166810
683.68	n/a	NonTarget	1	170920
683.904	n/a	NonTarget	1	170976
684.132	n/a	Target	2	171033
684.356	n/a	NonTarget	1	171089
684.58	n/a	NonTarget	1	171145
684.808	n/a	NonTarget	1	171202
685.032	n/a	NonTarget	1	171258
685.26	n/a	NonTarget	1	171315
685.484	n/a	NonTarget	1	171371
685.708	n/a	NonTarget	1	171427
685.932	n/a	NonTarget	1	171483
686.156	n/a	NonTarget	1	171539
686.384	n/a	NonTarget	1	171596
686.608	n/a	NonTarget	1	171652
686.836	n/a	NonTarget	1	171709
687.06	n/a	NonTarget	1	171765
687.284	n/a	NonTarget	1	171821
687.512	n/a	NonTarget	1	171878
687.736	n/a	Target	2	171934
687.964	n/a	NonTarget	1	171991
688.188	n/a	NonTarget	1	172047
688.412	n/a	NonTarget	1	172103
688.64	n/a	Target	2	172160
688.864	n/a	NonTarget	1	172216
689.092	n/a	NonTarget	1	172273
689.316	n/a	NonTarget	1	172329
689.54	n/a	NonTarget	1	172385
689.764	n/a	NonTarget	1	172441
689.992	n/a	NonTarget	1	172498
690.22	n/a	NonTarget	1	172555
690.444	n/a	NonTarget	1	172611
690.668	n/a	Target	2	172667
690.892	n/a	NonTarget	1	172723
691.12	n/a	NonTarget	1	172780
691.344	n/a	NonTarget	1	172836
691.568	n/a	NonTarget	1	172892
691.796	n/a	NonTarget	1	172949
692.02	n/a	NonTarget	1	173005
692.244	n/a	NonTarget	1	173061
692.472	n/a	NonTarget	1	173118
692.696	n/a	NonTarget	1	173174
692.92	n/a	Target	2	173230
693.148	n/a	NonTarget	1	173287
693.372	n/a	NonTarget	1	173343
693.596	n/a	NonTarget	1	173399
693.824	n/a	NonTarget	1	173456
694.048	n/a	NonTarget	1	173512
694.272	n/a	Target	2	173568
694.496	n/a	NonTarget	1	173624
694.724	n/a	NonTarget	1	173681
694.948	n/a	NonTarget	1	173737
695.176	n/a	NonTarget	1	173794
695.4	n/a	NonTarget	1	173850
695.624	n/a	NonTarget	1	173906
695.852	n/a	NonTarget	1	173963
696.076	n/a	NonTarget	1	174019
696.3	n/a	NonTarget	1	174075
696.528	n/a	Target	2	174132
696.752	n/a	NonTarget	1	174188
696.98	n/a	NonTarget	1	174245
697.204	n/a	NonTarget	1	174301
697.428	n/a	NonTarget	1	174357
697.656	n/a	NonTarget	1	174414
697.88	n/a	NonTarget	1	174470
698.104	n/a	Target	2	174526
698.328	n/a	NonTarget	1	174582
698.556	n/a	NonTarget	1	174639
698.78	n/a	NonTarget	1	174695
699.004	n/a	NonTarget	1	174751
699.232	n/a	NonTarget	1	174808
699.456	n/a	NonTarget	1	174864
699.68	n/a	NonTarget	1	174920
699.904	n/a	NonTarget	1	174976
700.132	n/a	NonTarget	1	175033
700.356	n/a	NonTarget	1	175089
700.58	n/a	Target	2	175145
700.808	n/a	NonTarget	1	175202
701.032	n/a	NonTarget	1	175258
701.26	n/a	NonTarget	1	175315
701.484	n/a	NonTarget	1	175371
701.708	n/a	NonTarget	1	175427
701.936	n/a	NonTarget	1	175484
702.16	n/a	NonTarget	1	175540
702.384	n/a	NonTarget	1	175596
702.608	n/a	NonTarget	1	175652
702.836	n/a	NonTarget	1	175709
703.064	n/a	NonTarget	1	175766
703.288	n/a	NonTarget	1	175822
703.512	n/a	NonTarget	1	175878
703.736	n/a	Target	2	175934
703.964	n/a	NonTarget	1	175991
704.188	n/a	NonTarget	1	176047
704.412	n/a	NonTarget	1	176103
704.64	n/a	Target	2	176160
704.864	n/a	NonTarget	1	176216
705.092	n/a	NonTarget	1	176273
705.316	n/a	NonTarget	1	176329
705.54	n/a	NonTarget	1	176385
705.768	n/a	NonTarget	1	176442
705.992	n/a	NonTarget	1	176498
706.22	n/a	NonTarget	1	176555
706.444	n/a	NonTarget	1	176611
706.672	n/a	NonTarget	1	176668
706.896	n/a	NonTarget	1	176724
707.12	n/a	Target	2	176780
707.348	n/a	NonTarget	1	176837
707.572	n/a	NonTarget	1	176893
707.8	n/a	NonTarget	1	176950
708.024	n/a	NonTarget	1	177006
726.408	n/a	NonTarget	1	181602
726.636	n/a	NonTarget	1	181659
726.86	n/a	NonTarget	1	181715
727.084	n/a	NonTarget	1	181771
727.308	n/a	NonTarget	1	181827
727.532	n/a	Target	2	181883
727.76	n/a	NonTarget	1	181940
727.984	n/a	NonTarget	1	181996
728.212	n/a	NonTarget	1	182053
728.436	n/a	NonTarget	1	182109
728.66	n/a	Target	2	182165
728.888	n/a	NonTarget	1	182222
729.112	n/a	NonTarget	1	182278
729.34	n/a	NonTarget	1	182335
729.564	n/a	NonTarget	1	182391
729.788	n/a	NonTarget	1	182447
730.016	n/a	NonTarget	1	182504
730.24	n/a	NonTarget	1	182560
730.464	n/a	NonTarget	1	182616
730.692	n/a	Target	2	182673
730.916	n/a	NonTarget	1	182729
731.14	n/a	NonTarget	1	182785
731.364	n/a	NonTarget	1	182841
731.592	n/a	NonTarget	1	182898
731.816	n/a	NonTarget	1	182954
732.044	n/a	NonTarget	1	183011
732.268	n/a	NonTarget	1	183067
732.492	n/a	NonTarget	1	183123
732.72	n/a	NonTarget	1	183180
732.944	n/a	NonTarget	1	183236
733.168	n/a	NonTarget	1	183292
733.392	n/a	NonTarget	1	183348
733.616	n/a	NonTarget	1	183404
733.844	n/a	NonTarget	1	183461
734.068	n/a	NonTarget	1	183517
734.296	n/a	Target	2	183574
734.52	n/a	NonTarget	1	183630
734.744	n/a	NonTarget	1	183686
734.972	n/a	NonTarget	1	183743
735.196	n/a	NonTarget	1	183799
735.42	n/a	NonTarget	1	183855
735.648	n/a	NonTarget	1	183912
735.872	n/a	NonTarget	1	183968
736.096	n/a	Target	2	184024
736.32	n/a	NonTarget	1	184080
736.548	n/a	NonTarget	1	184137
736.772	n/a	NonTarget	1	184193
737.0	n/a	NonTarget	1	184250
737.224	n/a	NonTarget	1	184306
737.448	n/a	NonTarget	1	184362
737.676	n/a	NonTarget	1	184419
737.9	n/a	NonTarget	1	184475
738.124	n/a	NonTarget	1	184531
738.352	n/a	Target	2	184588
738.576	n/a	NonTarget	1	184644
738.804	n/a	NonTarget	1	184701
739.028	n/a	NonTarget	1	184757
739.252	n/a	NonTarget	1	184813
739.48	n/a	NonTarget	1	184870
739.704	n/a	NonTarget	1	184926
739.928	n/a	Target	2	184982
740.156	n/a	NonTarget	1	185039
740.38	n/a	NonTarget	1	185095
740.608	n/a	NonTarget	1	185152
740.832	n/a	NonTarget	1	185208
741.056	n/a	NonTarget	1	185264
741.28	n/a	NonTarget	1	185320
741.508	n/a	NonTarget	1	185377
741.732	n/a	NonTarget	1	185433
741.956	n/a	NonTarget	1	185489
742.184	n/a	NonTarget	1	185546
742.408	n/a	Target	2	185602
742.632	n/a	NonTarget	1	185658
742.856	n/a	Target	2	185714
743.084	n/a	NonTarget	1	185771
743.308	n/a	NonTarget	1	185827
743.532	n/a	NonTarget	1	185883
743.76	n/a	NonTarget	1	185940
743.984	n/a	NonTarget	1	185996
744.212	n/a	NonTarget	1	186053
744.436	n/a	NonTarget	1	186109
744.66	n/a	NonTarget	1	186165
744.888	n/a	NonTarget	1	186222
745.112	n/a	NonTarget	1	186278
745.34	n/a	Target	2	186335
745.564	n/a	NonTarget	1	186391
745.788	n/a	NonTarget	1	186447
746.016	n/a	NonTarget	1	186504
746.24	n/a	NonTarget	1	186560
746.464	n/a	NonTarget	1	186616
746.688	n/a	NonTarget	1	186672
746.916	n/a	NonTarget	1	186729
747.14	n/a	NonTarget	1	186785
747.364	n/a	NonTarget	1	186841
747.592	n/a	NonTarget	1	186898
747.816	n/a	NonTarget	1	186954
748.04	n/a	Target	2	187010
748.264	n/a	NonTarget	1	187066
748.492	n/a	NonTarget	1	187123
748.716	n/a	NonTarget	1	187179
748.94	n/a	NonTarget	1	187235
749.168	n/a	NonTarget	1	187292
749.392	n/a	NonTarget	1	187348
749.616	n/a	Target	2	187404
749.844	n/a	NonTarget	1	187461
750.068	n/a	NonTarget	1	187517
750.296	n/a	NonTarget	1	187574
750.52	n/a	NonTarget	1	187630
778.192	n/a	NonTarget	1	194548
778.42	n/a	NonTarget	1	194605
778.644	n/a	NonTarget	1	194661
778.872	n/a	NonTarget	1	194718
779.096	n/a	NonTarget	1	194774
779.32	n/a	NonTarget	1	194830
779.548	n/a	NonTarget	1	194887
779.772	n/a	NonTarget	1	194943
780.0	n/a	NonTarget	1	195000
780.224	n/a	Target	2	195056
780.448	n/a	NonTarget	1	195112
780.676	n/a	NonTarget	1	195169
780.9	n/a	NonTarget	1	195225
781.128	n/a	NonTarget	1	195282
781.352	n/a	NonTarget	1	195338
781.576	n/a	Target	2	195394
781.8	n/a	NonTarget	1	195450
782.024	n/a	NonTarget	1	195506
782.252	n/a	NonTarget	1	195563
782.476	n/a	NonTarget	1	195619
782.7	n/a	Target	2	195675
782.928	n/a	NonTarget	1	195732
783.152	n/a	NonTarget	1	195788
783.38	n/a	NonTarget	1	195845
783.604	n/a	NonTarget	1	195901
783.828	n/a	NonTarget	1	195957
784.056	n/a	NonTarget	1	196014
784.28	n/a	NonTarget	1	196070
784.508	n/a	Target	2	196127
784.732	n/a	NonTarget	1	196183
784.956	n/a	NonTarget	1	196239
785.18	n/a	NonTarget	1	196295
785.404	n/a	NonTarget	1	196351
785.632	n/a	NonTarget	1	196408
785.856	n/a	NonTarget	1	196464
786.08	n/a	NonTarget	1	196520
786.308	n/a	NonTarget	1	196577
786.532	n/a	NonTarget	1	196633
786.756	n/a	NonTarget	1	196689
786.984	n/a	NonTarget	1	196746
787.212	n/a	NonTarget	1	196803
787.436	n/a	NonTarget	1	196859
787.66	n/a	NonTarget	1	196915
787.884	n/a	NonTarget	1	196971
788.108	n/a	NonTarget	1	197027
788.336	n/a	Target	2	197084
788.56	n/a	NonTarget	1	197140
788.784	n/a	NonTarget	1	197196
789.012	n/a	NonTarget	1	197253
789.236	n/a	NonTarget	1	197309
789.46	n/a	NonTarget	1	197365
789.688	n/a	NonTarget	1	197422
789.912	n/a	NonTarget	1	197478
790.14	n/a	Target	2	197535
790.364	n/a	NonTarget	1	197591
790.588	n/a	NonTarget	1	197647
790.816	n/a	NonTarget	1	197704
791.04	n/a	NonTarget	1	197760
791.264	n/a	NonTarget	1	197816
791.488	n/a	NonTarget	1	197872
791.716	n/a	NonTarget	1	197929
791.94	n/a	NonTarget	1	197985
792.168	n/a	Target	2	198042
792.392	n/a	NonTarget	1	198098
792.616	n/a	NonTarget	1	198154
792.844	n/a	NonTarget	1	198211
793.068	n/a	NonTarget	1	198267
793.292	n/a	NonTarget	1	198323
793.52	n/a	Target	2	198380
793.744	n/a	NonTarget	1	198436
793.968	n/a	NonTarget	1	198492
794.192	n/a	NonTarget	1	198548
794.42	n/a	NonTarget	1	198605
794.644	n/a	NonTarget	1	198661
794.868	n/a	Target	2	198717
795.096	n/a	NonTarget	1	198774
795.32	n/a	NonTarget	1	198830
795.548	n/a	NonTarget	1	198887
795.772	n/a	NonTarget	1	198943
795.996	n/a	NonTarget	1	198999
796.224	n/a	NonTarget	1	199056
796.448	n/a	NonTarget	1	199112
796.672	n/a	NonTarget	1	199168
796.9	n/a	NonTarget	1	199225
797.124	n/a	NonTarget	1	199281
797.352	n/a	Target	2	199338
797.576	n/a	NonTarget	1	199394
797.8	n/a	NonTarget	1	199450
798.028	n/a	NonTarget	1	199507
798.252	n/a	NonTarget	1	199563
798.48	n/a	NonTarget	1	199620
798.704	n/a	Target	2	199676
798.928	n/a	NonTarget	1	199732
799.152	n/a	NonTarget	1	199788
799.38	n/a	NonTarget	1	199845
799.604	n/a	NonTarget	1	199901
799.828	n/a	NonTarget	1	199957
800.056	n/a	NonTarget	1	200014
800.28	n/a	NonTarget	1	200070
800.508	n/a	NonTarget	1	200127
800.732	n/a	NonTarget	1	200183
800.956	n/a	NonTarget	1	200239
801.184	n/a	NonTarget	1	200296
801.408	n/a	NonTarget	1	200352
801.632	n/a	NonTarget	1	200408
801.86	n/a	NonTarget	1	200465
802.084	n/a	Target	2	200521
802.308	n/a	NonTarget	1	200577
802.536	n/a	NonTarget	1	200634
819.748	n/a	NonTarget	1	204937
819.972	n/a	NonTarget	1	204993
820.196	n/a	Target	2	205049
820.424	n/a	NonTarget	1	205106
820.648	n/a	NonTarget	1	205162
820.876	n/a	NonTarget	1	205219
821.1	n/a	NonTarget	1	205275
821.324	n/a	NonTarget	1	205331
821.552	n/a	NonTarget	1	205388
821.776	n/a	NonTarget	1	205444
822.004	n/a	NonTarget	1	205501
822.228	n/a	NonTarget	1	205557
822.452	n/a	NonTarget	1	205613
822.68	n/a	NonTarget	1	205670
822.904	n/a	NonTarget	1	205726
823.128	n/a	NonTarget	1	205782
823.352	n/a	NonTarget	1	205838
823.576	n/a	NonTarget	1	205894
823.804	n/a	Target	2	205951
824.028	n/a	NonTarget	1	206007
824.256	n/a	NonTarget	1	206064
824.48	n/a	NonTarget	1	206120
824.708	n/a	NonTarget	1	206177
824.932	n/a	NonTarget	1	206233
825.156	n/a	NonTarget	1	206289
825.384	n/a	Target	2	206346
825.608	n/a	NonTarget	1	206402
825.836	n/a	NonTarget	1	206459
826.06	n/a	NonTarget	1	206515
826.284	n/a	NonTarget	1	206571
826.512	n/a	Target	2	206628
826.736	n/a	NonTarget	1	206684
826.964	n/a	NonTarget	1	206741
827.188	n/a	NonTarget	1	206797
827.412	n/a	NonTarget	1	206853
827.636	n/a	NonTarget	1	206909
827.864	n/a	NonTarget	1	206966
828.088	n/a	NonTarget	1	207022
828.312	n/a	NonTarget	1	207078
828.54	n/a	NonTarget	1	207135
828.764	n/a	NonTarget	1	207191
828.988	n/a	NonTarget	1	207247
829.216	n/a	Target	2	207304
829.44	n/a	NonTarget	1	207360
829.668	n/a	NonTarget	1	207417
829.892	n/a	NonTarget	1	207473
830.116	n/a	NonTarget	1	207529
830.344	n/a	Target	2	207586
830.568	n/a	NonTarget	1	207642
830.796	n/a	NonTarget	1	207699
831.02	n/a	NonTarget	1	207755
831.248	n/a	NonTarget	1	207812
831.472	n/a	NonTarget	1	207868
831.696	n/a	NonTarget	1	207924
831.924	n/a	NonTarget	1	207981
832.148	n/a	Target	2	208037
832.376	n/a	NonTarget	1	208094
832.6	n/a	NonTarget	1	208150
832.824	n/a	NonTarget	1	208206
833.048	n/a	NonTarget	1	208262
833.276	n/a	NonTarget	1	208319
833.5	n/a	NonTarget	1	208375
833.724	n/a	NonTarget	1	208431
833.952	n/a	NonTarget	1	208488
834.176	n/a	NonTarget	1	208544
834.404	n/a	NonTarget	1	208601
834.628	n/a	NonTarget	1	208657
834.852	n/a	NonTarget	1	208713
835.08	n/a	NonTarget	1	208770
835.304	n/a	NonTarget	1	208826
835.528	n/a	Target	2	208882
835.756	n/a	NonTarget	1	208939
835.98	n/a	NonTarget	1	208995
836.208	n/a	NonTarget	1	209052
836.432	n/a	NonTarget	1	209108
836.656	n/a	Target	2	209164
836.88	n/a	NonTarget	1	209220
837.108	n/a	NonTarget	1	209277
837.332	n/a	NonTarget	1	209333
837.556	n/a	NonTarget	1	209389
837.78	n/a	NonTarget	1	209445
838.008	n/a	NonTarget	1	209502
838.232	n/a	NonTarget	1	209558
838.46	n/a	NonTarget	1	209615
838.684	n/a	NonTarget	1	209671
838.908	n/a	NonTarget	1	209727
839.132	n/a	NonTarget	1	209783
839.356	n/a	NonTarget	1	209839
839.584	n/a	NonTarget	1	209896
839.808	n/a	Target	2	209952
840.036	n/a	NonTarget	1	210009
840.26	n/a	NonTarget	1	210065
840.484	n/a	NonTarget	1	210121
840.712	n/a	NonTarget	1	210178
840.936	n/a	NonTarget	1	210234
841.164	n/a	NonTarget	1	210291
841.388	n/a	NonTarget	1	210347
841.612	n/a	Target	2	210403
841.84	n/a	NonTarget	1	210460
842.064	n/a	NonTarget	1	210516
842.292	n/a	Target	2	210573
842.516	n/a	NonTarget	1	210629
842.74	n/a	NonTarget	1	210685
842.968	n/a	NonTarget	1	210742
843.192	n/a	NonTarget	1	210798
843.42	n/a	NonTarget	1	210855
843.644	n/a	NonTarget	1	210911
843.868	n/a	NonTarget	1	210967
844.092	n/a	NonTarget	1	211023
860.4	n/a	NonTarget	1	215100
860.624	n/a	NonTarget	1	215156
860.852	n/a	NonTarget	1	215213
861.076	n/a	NonTarget	1	215269
861.304	n/a	NonTarget	1	215326
861.528	n/a	NonTarget	1	215382
861.752	n/a	NonTarget	1	215438
861.976	n/a	NonTarget	1	215494
862.204	n/a	NonTarget	1	215551
862.428	n/a	Target	2	215607
862.652	n/a	NonTarget	1	215663
862.88	n/a	NonTarget	1	215720
863.104	n/a	NonTarget	1	215776
863.332	n/a	NonTarget	1	215833
863.556	n/a	NonTarget	1	215889
863.78	n/a	NonTarget	1	215945
864.008	n/a	NonTarget	1	216002
864.232	n/a	NonTarget	1	216058
864.46	n/a	Target	2	216115
864.684	n/a	NonTarget	1	216171
864.908	n/a	NonTarget	1	216227
865.132	n/a	NonTarget	1	216283
865.36	n/a	NonTarget	1	216340
865.584	n/a	NonTarget	1	216396
865.808	n/a	Target	2	216452
866.036	n/a	NonTarget	1	216509
866.26	n/a	NonTarget	1	216565
866.484	n/a	NonTarget	1	216621
866.712	n/a	NonTarget	1	216678
866.936	n/a	NonTarget	1	216734
867.16	n/a	Target	2	216790
867.384	n/a	NonTarget	1	216846
867.612	n/a	NonTarget	1	216903
867.836	n/a	NonTarget	1	216959
868.064	n/a	NonTarget	1	217016
868.288	n/a	NonTarget	1	217072
868.512	n/a	NonTarget	1	217128
868.74	n/a	NonTarget	1	217185
868.964	n/a	NonTarget	1	217241
869.192	n/a	NonTarget	1	217298
869.416	n/a	NonTarget	1	217354
869.64	n/a	NonTarget	1	217410
869.868	n/a	Target	2	217467
870.092	n/a	NonTarget	1	217523
870.316	n/a	NonTarget	1	217579
870.544	n/a	NonTarget	1	217636
870.768	n/a	NonTarget	1	217692
870.992	n/a	NonTarget	1	217748
871.216	n/a	NonTarget	1	217804
871.444	n/a	NonTarget	1	217861
871.668	n/a	NonTarget	1	217917
871.896	n/a	NonTarget	1	217974
872.12	n/a	NonTarget	1	218030
872.344	n/a	Target	2	218086
872.572	n/a	NonTarget	1	218143
872.796	n/a	NonTarget	1	218199
873.02	n/a	NonTarget	1	218255
873.248	n/a	NonTarget	1	218312
873.472	n/a	NonTarget	1	218368
873.696	n/a	NonTarget	1	218424
873.924	n/a	NonTarget	1	218481
874.148	n/a	Target	2	218537
874.372	n/a	NonTarget	1	218593
874.6	n/a	NonTarget	1	218650
874.824	n/a	NonTarget	1	218706
875.048	n/a	NonTarget	1	218762
875.276	n/a	NonTarget	1	218819
875.5	n/a	NonTarget	1	218875
875.724	n/a	Target	2	218931
875.948	n/a	NonTarget	1	218987
876.176	n/a	NonTarget	1	219044
876.4	n/a	NonTarget	1	219100
876.628	n/a	NonTarget	1	219157
876.852	n/a	NonTarget	1	219213
877.076	n/a	NonTarget	1	219269
877.3	n/a	NonTarget	1	219325
877.524	n/a	NonTarget	1	219381
877.752	n/a	NonTarget	1	219438
877.976	n/a	NonTarget	1	219494
878.204	n/a	Target	2	219551
878.428	n/a	NonTarget	1	219607
878.652	n/a	NonTarget	1	219663
878.88	n/a	NonTarget	1	219720
879.104	n/a	NonTarget	1	219776
879.332	n/a	NonTarget	1	219833
879.556	n/a	NonTarget	1	219889
879.78	n/a	NonTarget	1	219945
880.008	n/a	NonTarget	1	220002
880.232	n/a	NonTarget	1	220058
880.46	n/a	NonTarget	1	220115
880.684	n/a	Target	2	220171
880.908	n/a	NonTarget	1	220227
881.132	n/a	NonTarget	1	220283
881.356	n/a	NonTarget	1	220339
881.584	n/a	NonTarget	1	220396
881.808	n/a	NonTarget	1	220452
882.032	n/a	NonTarget	1	220508
882.26	n/a	NonTarget	1	220565
882.484	n/a	NonTarget	1	220621
882.712	n/a	Target	2	220678
882.936	n/a	NonTarget	1	220734
883.16	n/a	NonTarget	1	220790
883.384	n/a	NonTarget	1	220846
883.608	n/a	NonTarget	1	220902
883.836	n/a	NonTarget	1	220959
884.06	n/a	NonTarget	1	221015
884.288	n/a	NonTarget	1	221072
884.512	n/a	Target	2	221128
899.048	n/a	NonTarget	1	224762
899.276	n/a	NonTarget	1	224819
899.5	n/a	NonTarget	1	224875
899.724	n/a	NonTarget	1	224931
899.952	n/a	NonTarget	1	224988
900.18	n/a	NonTarget	1	225045
900.404	n/a	NonTarget	1	225101
900.628	n/a	NonTarget	1	225157
900.852	n/a	Target	2	225213
901.08	n/a	NonTarget	1	225270
901.308	n/a	NonTarget	1	225327
901.532	n/a	NonTarget	1	225383
901.756	n/a	NonTarget	1	225439
901.98	n/a	NonTarget	1	225495
902.208	n/a	NonTarget	1	225552
902.432	n/a	NonTarget	1	225608
902.656	n/a	NonTarget	1	225664
902.884	n/a	Target	2	225721
903.108	n/a	NonTarget	1	225777
903.332	n/a	NonTarget	1	225833
903.556	n/a	NonTarget	1	225889
903.784	n/a	NonTarget	1	225946
904.008	n/a	NonTarget	1	226002
904.236	n/a	NonTarget	1	226059
904.46	n/a	NonTarget	1	226115
904.684	n/a	NonTarget	1	226171
904.912	n/a	Target	2	226228
905.136	n/a	NonTarget	1	226284
905.364	n/a	NonTarget	1	226341
905.588	n/a	NonTarget	1	226397
905.812	n/a	NonTarget	1	226453
906.04	n/a	NonTarget	1	226510
906.264	n/a	NonTarget	1	226566
906.492	n/a	NonTarget	1	226623
906.716	n/a	NonTarget	1	226679
906.94	n/a	Target	2	226735
907.168	n/a	NonTarget	1	226792
907.392	n/a	NonTarget	1	226848
907.62	n/a	NonTarget	1	226905
907.844	n/a	NonTarget	1	226961
908.068	n/a	NonTarget	1	227017
908.292	n/a	NonTarget	1	227073
908.516	n/a	Target	2	227129
908.744	n/a	NonTarget	1	227186
908.968	n/a	NonTarget	1	227242
909.196	n/a	NonTarget	1	227299
909.42	n/a	NonTarget	1	227355
909.644	n/a	NonTarget	1	227411
909.872	n/a	NonTarget	1	227468
910.096	n/a	NonTarget	1	227524
910.324	n/a	NonTarget	1	227581
910.548	n/a	NonTarget	1	227637
910.772	n/a	Target	2	227693
911.0	n/a	NonTarget	1	227750
911.224	n/a	NonTarget	1	227806
911.452	n/a	NonTarget	1	227863
911.676	n/a	NonTarget	1	227919
911.9	n/a	NonTarget	1	227975
912.128	n/a	NonTarget	1	228032
912.352	n/a	NonTarget	1	228088
912.58	n/a	NonTarget	1	228145
912.804	n/a	NonTarget	1	228201
913.028	n/a	Target	2	228257
913.256	n/a	NonTarget	1	228314
913.48	n/a	NonTarget	1	228370
913.704	n/a	NonTarget	1	228426
913.932	n/a	NonTarget	1	228483
914.156	n/a	NonTarget	1	228539
914.384	n/a	NonTarget	1	228596
914.608	n/a	NonTarget	1	228652
914.832	n/a	NonTarget	1	228708
915.06	n/a	Target	2	228765
915.284	n/a	NonTarget	1	228821
915.508	n/a	NonTarget	1	228877
915.732	n/a	NonTarget	1	228933
915.96	n/a	NonTarget	1	228990
916.184	n/a	NonTarget	1	229046
916.408	n/a	Target	2	229102
916.636	n/a	NonTarget	1	229159
916.86	n/a	NonTarget	1	229215
917.088	n/a	NonTarget	1	229272
917.312	n/a	NonTarget	1	229328
917.536	n/a	Target	2	229384
917.764	n/a	NonTarget	1	229441
917.988	n/a	NonTarget	1	229497
918.212	n/a	NonTarget	1	229553
918.436	n/a	NonTarget	1	229609
918.664	n/a	NonTarget	1	229666
918.888	n/a	NonTarget	1	229722
919.112	n/a	NonTarget	1	229778
919.34	n/a	NonTarget	1	229835
919.564	n/a	NonTarget	1	229891
919.788	n/a	NonTarget	1	229947
920.012	n/a	NonTarget	1	230003
920.24	n/a	NonTarget	1	230060
920.468	n/a	NonTarget	1	230117
920.692	n/a	Target	2	230173
920.916	n/a	NonTarget	1	230229
921.14	n/a	NonTarget	1	230285
921.368	n/a	NonTarget	1	230342
921.592	n/a	NonTarget	1	230398
921.816	n/a	Target	2	230454
922.044	n/a	NonTarget	1	230511
922.268	n/a	NonTarget	1	230567
922.496	n/a	NonTarget	1	230624
922.72	n/a	NonTarget	1	230680
922.944	n/a	NonTarget	1	230736
923.172	n/a	NonTarget	1	230793
923.396	n/a	NonTarget	1	230849
937.068	n/a	NonTarget	1	234267
937.292	n/a	NonTarget	1	234323
937.516	n/a	NonTarget	1	234379
937.744	n/a	NonTarget	1	234436
937.968	n/a	NonTarget	1	234492
938.192	n/a	NonTarget	1	234548
938.42	n/a	Target	2	234605
938.644	n/a	NonTarget	1	234661
938.868	n/a	NonTarget	1	234717
939.096	n/a	NonTarget	1	234774
939.32	n/a	NonTarget	1	234830
939.548	n/a	NonTarget	1	234887
939.772	n/a	NonTarget	1	234943
939.996	n/a	NonTarget	1	234999
940.22	n/a	NonTarget	1	235055
940.448	n/a	NonTarget	1	235112
940.672	n/a	Target	2	235168
940.896	n/a	NonTarget	1	235224
941.124	n/a	NonTarget	1	235281
941.348	n/a	Target	2	235337
941.576	n/a	NonTarget	1	235394
941.8	n/a	NonTarget	1	235450
942.024	n/a	NonTarget	1	235506
942.252	n/a	NonTarget	1	235563
942.476	n/a	NonTarget	1	235619
942.704	n/a	NonTarget	1	235676
942.928	n/a	NonTarget	1	235732
943.152	n/a	NonTarget	1	235788
943.38	n/a	NonTarget	1	235845
943.604	n/a	NonTarget	1	235901
943.832	n/a	NonTarget	1	235958
944.056	n/a	NonTarget	1	236014
944.28	n/a	NonTarget	1	236070
944.504	n/a	Target	2	236126
944.732	n/a	NonTarget	1	236183
944.956	n/a	NonTarget	1	236239
945.18	n/a	NonTarget	1	236295
945.408	n/a	NonTarget	1	236352
945.632	n/a	Target	2	236408
945.856	n/a	NonTarget	1	236464
946.084	n/a	NonTarget	1	236521
946.308	n/a	NonTarget	1	236577
946.536	n/a	NonTarget	1	236634
946.76	n/a	NonTarget	1	236690
946.984	n/a	NonTarget	1	236746
947.212	n/a	NonTarget	1	236803
947.436	n/a	NonTarget	1	236859
947.664	n/a	NonTarget	1	236916
947.888	n/a	NonTarget	1	236972
948.112	n/a	NonTarget	1	237028
948.336	n/a	NonTarget	1	237084
948.564	n/a	NonTarget	1	237141
948.788	n/a	Target	2	237197
949.012	n/a	NonTarget	1	237253
949.24	n/a	NonTarget	1	237310
949.464	n/a	NonTarget	1	237366
949.688	n/a	NonTarget	1	237422
949.916	n/a	NonTarget	1	237479
950.14	n/a	NonTarget	1	237535
950.364	n/a	NonTarget	1	237591
950.588	n/a	Target	2	237647
950.816	n/a	NonTarget	1	237704
951.04	n/a	NonTarget	1	237760
951.264	n/a	NonTarget	1	237816
951.492	n/a	NonTarget	1	237873
951.716	n/a	Target	2	237929
951.94	n/a	NonTarget	1	237985
952.168	n/a	NonTarget	1	238042
952.392	n/a	NonTarget	1	238098
952.62	n/a	NonTarget	1	238155
952.844	n/a	NonTarget	1	238211
953.068	n/a	NonTarget	1	238267
953.292	n/a	NonTarget	1	238323
953.52	n/a	NonTarget	1	238380
953.744	n/a	Target	2	238436
953.968	n/a	NonTarget	1	238492
954.192	n/a	NonTarget	1	238548
954.42	n/a	NonTarget	1	238605
954.644	n/a	NonTarget	1	238661
954.872	n/a	NonTarget	1	238718
955.096	n/a	NonTarget	1	238774
955.32	n/a	NonTarget	1	238830
955.548	n/a	NonTarget	1	238887
955.772	n/a	NonTarget	1	238943
956.0	n/a	NonTarget	1	239000
956.224	n/a	Target	2	239056
956.448	n/a	NonTarget	1	239112
956.672	n/a	NonTarget	1	239168
956.896	n/a	NonTarget	1	239224
957.124	n/a	NonTarget	1	239281
957.348	n/a	NonTarget	1	239337
957.576	n/a	NonTarget	1	239394
957.8	n/a	NonTarget	1	239450
958.024	n/a	NonTarget	1	239506
958.252	n/a	NonTarget	1	239563
958.476	n/a	NonTarget	1	239619
958.704	n/a	Target	2	239676
958.928	n/a	NonTarget	1	239732
959.152	n/a	NonTarget	1	239788
959.38	n/a	NonTarget	1	239845
959.604	n/a	NonTarget	1	239901
959.832	n/a	NonTarget	1	239958
960.056	n/a	NonTarget	1	240014
960.28	n/a	Target	2	240070
960.504	n/a	NonTarget	1	240126
960.728	n/a	NonTarget	1	240182
960.956	n/a	NonTarget	1	240239
961.18	n/a	NonTarget	1	240295
977.548	n/a	NonTarget	1	244387
977.772	n/a	NonTarget	1	244443
977.996	n/a	NonTarget	1	244499
978.224	n/a	NonTarget	1	244556
978.448	n/a	NonTarget	1	244612
978.672	n/a	NonTarget	1	244668
978.896	n/a	NonTarget	1	244724
979.124	n/a	Target	2	244781
979.348	n/a	NonTarget	1	244837
979.572	n/a	NonTarget	1	244893
979.8	n/a	NonTarget	1	244950
980.024	n/a	Target	2	245006
980.248	n/a	NonTarget	1	245062
980.476	n/a	NonTarget	1	245119
980.7	n/a	NonTarget	1	245175
980.928	n/a	NonTarget	1	245232
981.152	n/a	NonTarget	1	245288
981.376	n/a	NonTarget	1	245344
981.6	n/a	NonTarget	1	245400
981.828	n/a	NonTarget	1	245457
982.052	n/a	NonTarget	1	245513
982.276	n/a	NonTarget	1	245569
982.504	n/a	NonTarget	1	245626
982.728	n/a	NonTarget	1	245682
982.952	n/a	Target	2	245738
983.176	n/a	NonTarget	1	245794
983.404	n/a	NonTarget	1	245851
983.628	n/a	NonTarget	1	245907
983.856	n/a	NonTarget	1	245964
984.08	n/a	Target	2	246020
984.304	n/a	NonTarget	1	246076
984.532	n/a	NonTarget	1	246133
984.756	n/a	NonTarget	1	246189
984.98	n/a	NonTarget	1	246245
985.208	n/a	NonTarget	1	246302
985.432	n/a	NonTarget	1	246358
985.66	n/a	NonTarget	1	246415
985.884	n/a	NonTarget	1	246471
986.108	n/a	NonTarget	1	246527
986.336	n/a	NonTarget	1	246584
986.56	n/a	Target	2	246640
986.788	n/a	NonTarget	1	246697
987.012	n/a	NonTarget	1	246753
987.236	n/a	NonTarget	1	246809
987.46	n/a	NonTarget	1	246865
987.688	n/a	NonTarget	1	246922
987.912	n/a	NonTarget	1	246978
988.136	n/a	NonTarget	1	247034
988.364	n/a	NonTarget	1	247091
988.588	n/a	NonTarget	1	247147
988.816	n/a	NonTarget	1	247204
989.04	n/a	NonTarget	1	247260
989.264	n/a	Target	2	247316
989.492	n/a	NonTarget	1	247373
989.716	n/a	NonTarget	1	247429
989.94	n/a	NonTarget	1	247485
990.168	n/a	NonTarget	1	247542
990.392	n/a	Target	2	247598
990.616	n/a	NonTarget	1	247654
990.84	n/a	NonTarget	1	247710
991.068	n/a	NonTarget	1	247767
991.292	n/a	NonTarget	1	247823
991.52	n/a	NonTarget	1	247880
991.744	n/a	NonTarget	1	247936
991.968	n/a	NonTarget	1	247992
992.192	n/a	NonTarget	1	248048
992.42	n/a	NonTarget	1	248105
992.644	n/a	NonTarget	1	248161
992.872	n/a	Target	2	248218
993.096	n/a	NonTarget	1	248274
993.32	n/a	NonTarget	1	248330
993.544	n/a	NonTarget	1	248386
993.772	n/a	NonTarget	1	248443
993.996	n/a	Target	2	248499
994.22	n/a	NonTarget	1	248555
994.448	n/a	NonTarget	1	248612
994.672	n/a	NonTarget	1	248668
994.896	n/a	NonTarget	1	248724
995.12	n/a	NonTarget	1	248780
995.348	n/a	NonTarget	1	248837
995.572	n/a	NonTarget	1	248893
995.796	n/a	NonTarget	1	248949
996.02	n/a	Target	2	249005
996.248	n/a	NonTarget	1	249062
996.476	n/a	NonTarget	1	249119
996.7	n/a	NonTarget	1	249175
996.924	n/a	NonTarget	1	249231
997.148	n/a	NonTarget	1	249287
997.376	n/a	NonTarget	1	249344
997.6	n/a	NonTarget	1	249400
997.828	n/a	NonTarget	1	249457
998.052	n/a	NonTarget	1	249513
998.276	n/a	NonTarget	1	249569
998.504	n/a	Target	2	249626
998.728	n/a	NonTarget	1	249682
998.956	n/a	NonTarget	1	249739
999.18	n/a	NonTarget	1	249795
999.404	n/a	NonTarget	1	249851
999.632	n/a	NonTarget	1	249908
999.856	n/a	NonTarget	1	249964
1000.084	n/a	NonTarget	1	250021
1000.308	n/a	NonTarget	1	250077
1000.532	n/a	NonTarget	1	250133
1000.756	n/a	NonTarget	1	250189
1000.98	n/a	Target	2	250245
1001.208	n/a	NonTarget	1	250302
1001.432	n/a	NonTarget	1	250358
1001.66	n/a	NonTarget	1	250415
1001.884	n/a	NonTarget	1	250471
1018.144	n/a	Target	2	254536
1018.372	n/a	NonTarget	1	254593
1018.596	n/a	NonTarget	1	254649
1018.824	n/a	NonTarget	1	254706
1019.048	n/a	NonTarget	1	254762
1019.272	n/a	Target	2	254818
1019.5	n/a	NonTarget	1	254875
1019.724	n/a	NonTarget	1	254931
1019.952	n/a	NonTarget	1	254988
1020.176	n/a	NonTarget	1	255044
1020.4	n/a	NonTarget	1	255100
1020.624	n/a	NonTarget	1	255156
1020.848	n/a	NonTarget	1	255212
1021.076	n/a	NonTarget	1	255269
1021.3	n/a	NonTarget	1	255325
1021.528	n/a	NonTarget	1	255382
1021.752	n/a	NonTarget	1	255438
1021.976	n/a	NonTarget	1	255494
1022.204	n/a	Target	2	255551
1022.428	n/a	NonTarget	1	255607
1022.656	n/a	NonTarget	1	255664
1022.88	n/a	NonTarget	1	255720
1023.104	n/a	NonTarget	1	255776
1023.332	n/a	Target	2	255833
1023.556	n/a	NonTarget	1	255889
1023.784	n/a	NonTarget	1	255946
1024.008	n/a	NonTarget	1	256002
1024.232	n/a	NonTarget	1	256058
1024.456	n/a	NonTarget	1	256114
1024.684	n/a	NonTarget	1	256171
1024.912	n/a	NonTarget	1	256228
1025.136	n/a	NonTarget	1	256284
1025.36	n/a	NonTarget	1	256340
1025.584	n/a	NonTarget	1	256396
1025.808	n/a	NonTarget	1	256452
1026.036	n/a	Target	2	256509
1026.26	n/a	NonTarget	1	256565
1026.488	n/a	NonTarget	1	256622
1026.712	n/a	NonTarget	1	256678
1026.936	n/a	NonTarget	1	256734
1027.164	n/a	NonTarget	1	256791
1027.388	n/a	NonTarget	1	256847
1027.616	n/a	NonTarget	1	256904
1027.84	n/a	NonTarget	1	256960
1028.064	n/a	NonTarget	1	257016
1028.288	n/a	Target	2	257072
1028.516	n/a	NonTarget	1	257129
1028.744	n/a	NonTarget	1	257186
1028.968	n/a	NonTarget	1	257242
1029.192	n/a	Target	2	257298
1029.42	n/a	NonTarget	1	257355
1029.644	n/a	NonTarget	1	257411
1029.868	n/a	NonTarget	1	257467
1030.096	n/a	NonTarget	1	257524
1030.32	n/a	NonTarget	1	257580
1030.548	n/a	NonTarget	1	257637
1030.772	n/a	NonTarget	1	257693
1030.996	n/a	NonTarget	1	257749
1031.224	n/a	NonTarget	1	257806
1031.448	n/a	NonTarget	1	257862
1031.676	n/a	NonTarget	1	257919
1031.9	n/a	Target	2	257975
1032.124	n/a	NonTarget	1	258031
1032.352	n/a	NonTarget	1	258088
1032.576	n/a	NonTarget	1	258144
1032.8	n/a	NonTarget	1	258200
1033.024	n/a	NonTarget	1	258256
1033.252	n/a	NonTarget	1	258313
1033.476	n/a	NonTarget	1	258369
1033.704	n/a	NonTarget	1	258426
1033.928	n/a	NonTarget	1	258482
1034.152	n/a	Target	2	258538
1034.38	n/a	NonTarget	1	258595
1034.604	n/a	NonTarget	1	258651
1034.828	n/a	NonTarget	1	258707
1035.056	n/a	NonTarget	1	258764
1035.28	n/a	NonTarget	1	258820
1035.504	n/a	Target	2	258876
1035.732	n/a	NonTarget	1	258933
1035.956	n/a	NonTarget	1	258989
1036.184	n/a	NonTarget	1	259046
1036.408	n/a	NonTarget	1	259102
1036.636	n/a	Target	2	259159
1036.86	n/a	NonTarget	1	259215
1037.084	n/a	NonTarget	1	259271
1037.308	n/a	NonTarget	1	259327
1037.536	n/a	NonTarget	1	259384
1037.76	n/a	NonTarget	1	259440
1037.988	n/a	NonTarget	1	259497
1038.212	n/a	NonTarget	1	259553
1038.436	n/a	NonTarget	1	259609
1038.66	n/a	Target	2	259665
1038.884	n/a	NonTarget	1	259721
1039.112	n/a	NonTarget	1	259778
1039.336	n/a	NonTarget	1	259834
1039.56	n/a	NonTarget	1	259890
1039.788	n/a	NonTarget	1	259947
1040.012	n/a	NonTarget	1	260003
1040.24	n/a	NonTarget	1	260060
1040.464	n/a	NonTarget	1	260116
1040.688	n/a	NonTarget	1	260172
1040.916	n/a	NonTarget	1	260229
1041.14	n/a	NonTarget	1	260285
1041.368	n/a	Target	2	260342
1041.592	n/a	NonTarget	1	260398
1041.816	n/a	NonTarget	1	260454
1042.044	n/a	NonTarget	1	260511
1042.268	n/a	NonTarget	1	260567
1057.912	n/a	NonTarget	1	264478
1058.136	n/a	NonTarget	1	264534
1058.364	n/a	Target	2	264591
1058.588	n/a	NonTarget	1	264647
1058.812	n/a	NonTarget	1	264703
1059.04	n/a	NonTarget	1	264760
1059.264	n/a	NonTarget	1	264816
1059.492	n/a	NonTarget	1	264873
1059.716	n/a	NonTarget	1	264929
1059.94	n/a	NonTarget	1	264985
1060.168	n/a	NonTarget	1	265042
1060.392	n/a	NonTarget	1	265098
1060.616	n/a	NonTarget	1	265154
1060.844	n/a	NonTarget	1	265211
1061.068	n/a	NonTarget	1	265267
1061.292	n/a	NonTarget	1	265323
1061.516	n/a	NonTarget	1	265379
1061.744	n/a	Target	2	265436
1061.968	n/a	NonTarget	1	265492
1062.196	n/a	NonTarget	1	265549
1062.42	n/a	NonTarget	1	265605
1062.644	n/a	NonTarget	1	265661
1062.872	n/a	NonTarget	1	265718
1063.096	n/a	NonTarget	1	265774
1063.324	n/a	NonTarget	1	265831
1063.548	n/a	Target	2	265887
1063.772	n/a	NonTarget	1	265943
1064.0	n/a	NonTarget	1	266000
1064.224	n/a	NonTarget	1	266056
1064.452	n/a	NonTarget	1	266113
1064.676	n/a	NonTarget	1	266169
1064.904	n/a	NonTarget	1	266226
1065.128	n/a	NonTarget	1	266282
1065.352	n/a	NonTarget	1	266338
1065.58	n/a	Target	2	266395
1065.804	n/a	NonTarget	1	266451
1066.032	n/a	NonTarget	1	266508
1066.256	n/a	NonTarget	1	266564
1066.48	n/a	NonTarget	1	266620
1066.704	n/a	NonTarget	1	266676
1066.928	n/a	NonTarget	1	266732
1067.156	n/a	NonTarget	1	266789
1067.38	n/a	Target	2	266845
1067.608	n/a	NonTarget	1	266902
1067.832	n/a	NonTarget	1	266958
1068.056	n/a	NonTarget	1	267014
1068.284	n/a	NonTarget	1	267071
1068.508	n/a	Target	2	267127
1068.736	n/a	NonTarget	1	267184
1068.96	n/a	NonTarget	1	267240
1069.184	n/a	NonTarget	1	267296
1069.412	n/a	NonTarget	1	267353
1069.636	n/a	NonTarget	1	267409
1069.86	n/a	NonTarget	1	267465
1070.088	n/a	NonTarget	1	267522
1070.312	n/a	NonTarget	1	267578
1070.536	n/a	Target	2	267634
1070.764	n/a	NonTarget	1	267691
1070.988	n/a	NonTarget	1	267747
1071.216	n/a	NonTarget	1	267804
1071.44	n/a	NonTarget	1	267860
1071.664	n/a	NonTarget	1	267916
1071.888	n/a	NonTarget	1	267972
1072.116	n/a	NonTarget	1	268029
1072.34	n/a	NonTarget	1	268085
1072.564	n/a	NonTarget	1	268141
1072.792	n/a	NonTarget	1	268198
1073.016	n/a	NonTarget	1	268254
1073.24	n/a	NonTarget	1	268310
1073.468	n/a	NonTarget	1	268367
1073.692	n/a	NonTarget	1	268423
1073.916	n/a	Target	2	268479
1074.14	n/a	NonTarget	1	268535
1074.368	n/a	NonTarget	1	268592
1074.592	n/a	NonTarget	1	268648
1074.816	n/a	NonTarget	1	268704
1075.044	n/a	NonTarget	1	268761
1075.268	n/a	NonTarget	1	268817
1075.492	n/a	Target	2	268873
1075.72	n/a	NonTarget	1	268930
1075.944	n/a	NonTarget	1	268986
1076.172	n/a	NonTarget	1	269043
1076.396	n/a	NonTarget	1	269099
1076.62	n/a	NonTarget	1	269155
1076.848	n/a	NonTarget	1	269212
1077.072	n/a	NonTarget	1	269268
1077.3	n/a	NonTarget	1	269325
1077.524	n/a	NonTarget	1	269381
1077.748	n/a	NonTarget	1	269437
1077.972	n/a	NonTarget	1	269493
1078.2	n/a	Target	2	269550
1078.424	n/a	NonTarget	1	269606
1078.648	n/a	NonTarget	1	269662
1078.876	n/a	NonTarget	1	269719
1079.1	n/a	NonTarget	1	269775
1079.324	n/a	Target	2	269831
1079.548	n/a	NonTarget	1	269887
1079.776	n/a	NonTarget	1	269944
1080.0	n/a	NonTarget	1	270000
1080.224	n/a	NonTarget	1	270056
1080.452	n/a	NonTarget	1	270113
1080.676	n/a	Target	2	270169
1080.904	n/a	NonTarget	1	270226
1081.128	n/a	NonTarget	1	270282
1081.352	n/a	NonTarget	1	270338
1081.58	n/a	NonTarget	1	270395
1081.804	n/a	NonTarget	1	270451
1082.028	n/a	NonTarget	1	270507
1082.252	n/a	NonTarget	1	270563
1097.252	n/a	NonTarget	1	274313
1097.476	n/a	Target	2	274369
1097.7	n/a	NonTarget	1	274425
1097.928	n/a	NonTarget	1	274482
1098.152	n/a	NonTarget	1	274538
1098.38	n/a	NonTarget	1	274595
1098.604	n/a	NonTarget	1	274651
1098.828	n/a	NonTarget	1	274707
1099.052	n/a	NonTarget	1	274763
1099.28	n/a	NonTarget	1	274820
1099.504	n/a	NonTarget	1	274876
1099.728	n/a	NonTarget	1	274932
1099.956	n/a	NonTarget	1	274989
1100.18	n/a	NonTarget	1	275045
1100.408	n/a	Target	2	275102
1100.632	n/a	NonTarget	1	275158
1100.856	n/a	NonTarget	1	275214
1101.084	n/a	NonTarget	1	275271
1101.308	n/a	NonTarget	1	275327
1101.532	n/a	NonTarget	1	275383
1101.76	n/a	NonTarget	1	275440
1101.984	n/a	Target	2	275496
1102.208	n/a	NonTarget	1	275552
1102.436	n/a	NonTarget	1	275609
1102.66	n/a	NonTarget	1	275665
1102.888	n/a	NonTarget	1	275722
1103.112	n/a	NonTarget	1	275778
1103.34	n/a	NonTarget	1	275835
1103.564	n/a	NonTarget	1	275891
1103.788	n/a	Target	2	275947
1104.012	n/a	NonTarget	1	276003
1104.24	n/a	NonTarget	1	276060
1104.464	n/a	NonTarget	1	276116
1104.688	n/a	NonTarget	1	276172
1104.912	n/a	NonTarget	1	276228
1105.14	n/a	NonTarget	1	276285
1105.364	n/a	NonTarget	1	276341
1105.588	n/a	NonTarget	1	276397
1105.816	n/a	NonTarget	1	276454
1106.04	n/a	NonTarget	1	276510
1106.264	n/a	NonTarget	1	276566
1106.492	n/a	Target	2	276623
1106.716	n/a	NonTarget	1	276679
1106.94	n/a	NonTarget	1	276735
1107.164	n/a	NonTarget	1	276791
1107.392	n/a	NonTarget	1	276848
1107.616	n/a	Target	2	276904
1107.844	n/a	NonTarget	1	276961
1108.068	n/a	NonTarget	1	277017
1108.292	n/a	NonTarget	1	277073
1108.52	n/a	NonTarget	1	277130
1108.744	n/a	NonTarget	1	277186
1108.972	n/a	NonTarget	1	277243
1109.196	n/a	NonTarget	1	277299
1109.42	n/a	NonTarget	1	277355
1109.648	n/a	NonTarget	1	277412
1109.872	n/a	NonTarget	1	277468
1110.096	n/a	NonTarget	1	277524
1110.324	n/a	NonTarget	1	277581
1110.548	n/a	NonTarget	1	277637
1110.772	n/a	NonTarget	1	277693
1110.996	n/a	Target	2	277749
1111.224	n/a	NonTarget	1	277806
1111.448	n/a	NonTarget	1	277862
1111.672	n/a	NonTarget	1	277918
1111.9	n/a	NonTarget	1	277975
1112.124	n/a	NonTarget	1	278031
1112.348	n/a	NonTarget	1	278087
1112.576	n/a	NonTarget	1	278144
1112.8	n/a	Target	2	278200
1113.028	n/a	NonTarget	1	278257
1113.252	n/a	NonTarget	1	278313
1113.476	n/a	NonTarget	1	278369
1113.704	n/a	Target	2	278426
1113.928	n/a	NonTarget	1	278482
1114.156	n/a	NonTarget	1	278539
1114.38	n/a	NonTarget	1	278595
1114.604	n/a	NonTarget	1	278651
1114.828	n/a	NonTarget	1	278707
1115.056	n/a	NonTarget	1	278764
1115.28	n/a	NonTarget	1	278820
1115.504	n/a	NonTarget	1	278876
1115.728	n/a	NonTarget	1	278932
1115.956	n/a	NonTarget	1	278989
1116.18	n/a	NonTarget	1	279045
1116.408	n/a	NonTarget	1	279102
1116.632	n/a	NonTarget	1	279158
1116.856	n/a	Target	2	279214
1117.08	n/a	NonTarget	1	279270
1117.308	n/a	NonTarget	1	279327
1117.532	n/a	NonTarget	1	279383
1117.756	n/a	NonTarget	1	279439
1117.984	n/a	NonTarget	1	279496
1118.208	n/a	NonTarget	1	279552
1118.432	n/a	NonTarget	1	279608
1118.66	n/a	NonTarget	1	279665
1118.884	n/a	NonTarget	1	279721
1119.112	n/a	NonTarget	1	279778
1119.336	n/a	NonTarget	1	279834
1119.56	n/a	Target	2	279890
1119.784	n/a	NonTarget	1	279946
1120.012	n/a	NonTarget	1	280003
1120.236	n/a	NonTarget	1	280059
1120.464	n/a	NonTarget	1	280116
1120.688	n/a	Target	2	280172
1120.912	n/a	NonTarget	1	280228
1121.136	n/a	NonTarget	1	280284
1121.364	n/a	NonTarget	1	280341
1121.588	n/a	NonTarget	1	280397
