onset	duration	trial_type	value	sample
18.672	0.8	NonTarget	1	4668
18.9	0.8	NonTarget	1	4725
19.124	0.8	NonTarget	1	4781
19.348	0.8	NonTarget	1	4837
19.576	0.8	Target	2	4894
19.8	0.8	NonTarget	1	4950
20.028	0.8	NonTarget	1	5007
20.252	0.8	NonTarget	1	5063
20.476	0.8	NonTarget	1	5119
20.7	0.8	NonTarget	1	5175
20.928	0.8	Target	2	5232
21.152	0.8	NonTarget	1	5288
21.376	0.8	NonTarget	1	5344
21.6	0.8	NonTarget	1	5400
21.828	0.8	NonTarget	1	5457
22.052	0.8	NonTarget	1	5513
22.28	0.8	NonTarget	1	5570
22.504	0.8	NonTarget	1	5626
22.728	0.8	NonTarget	1	5682
22.952	0.8	NonTarget	1	5738
23.176	0.8	NonTarget	1	5794
23.404	0.8	Target	2	5851
23.628	0.8	NonTarget	1	5907
23.856	0.8	NonTarget	1	5964
24.08	0.8	NonTarget	1	6020
24.304	0.8	NonTarget	1	6076
24.532	0.8	NonTarget	1	6133
24.756	0.8	NonTarget	1	6189
24.984	0.8	Target	2	6246
25.208	0.8	NonTarget	1	6302
25.432	0.8	NonTarget	1	6358
25.66	0.8	NonTarget	1	6415
25.884	0.8	NonTarget	1	6471
26.112	0.8	NonTarget	1	6528
26.336	0.8	NonTarget	1	6584
26.56	0.8	NonTarget	1	6640
26.784	0.8	NonTarget	1	6696
27.008	0.8	NonTarget	1	6752
27.236	0.8	NonTarget	1	6809
27.46	0.8	NonTarget	1	6865
27.688	0.8	NonTarget	1	6922
27.912	0.8	NonTarget	1	6978
28.136	0.8	NonTarget	1	7034
28.36	0.8	Target	2	7090
28.584	0.8	NonTarget	1	7146
28.812	0.8	NonTarget	1	7203
29.036	0.8	NonTarget	1	7259
29.26	0.8	NonTarget	1	7315
29.488	0.8	NonTarget	1	7372
29.712	0.8	NonTarget	1	7428
29.94	0.8	NonTarget	1	7485
30.164	0.8	Target	2	7541
30.388	0.8	NonTarget	1	7597
30.616	0.8	NonTarget	1	7654
30.84	0.8	NonTarget	1	7710
31.068	0.8	NonTarget	1	7767
31.292	0.8	NonTarget	1	7823
31.516	0.8	NonTarget	1	7879
31.744	0.8	Target	2	7936
31.968	0.8	NonTarget	1	7992
32.196	0.8	NonTarget	1	8049
32.42	0.8	NonTarget	1	8105
32.644	0.8	NonTarget	1	8161
32.868	0.8	NonTarget	1	8217
33.092	0.8	NonTarget	1	8273
33.32	0.8	NonTarget	1	8330
33.544	0.8	NonTarget	1	8386
33.772	0.8	Target	2	8443
33.996	0.8	NonTarget	1	8499
34.22	0.8	NonTarget	1	8555
34.448	0.8	NonTarget	1	8612
34.672	0.8	NonTarget	1	8668
34.896	0.8	NonTarget	1	8724
35.12	0.8	Target	2	8780
35.344	0.8	NonTarget	1	8836
35.572	0.8	NonTarget	1	8893
35.796	0.8	NonTarget	1	8949
36.024	0.8	NonTarget	1	9006
36.248	0.8	NonTarget	1	9062
36.472	0.8	NonTarget	1	9118
36.7	0.8	NonTarget	1	9175
36.924	0.8	NonTarget	1	9231
37.152	0.8	NonTarget	1	9288
37.376	0.8	Target	2	9344
37.6	0.8	NonTarget	1	9400
37.828	0.8	NonTarget	1	9457
38.052	0.8	NonTarget	1	9513
38.276	0.8	NonTarget	1	9569
38.504	0.8	NonTarget	1	9626
38.728	0.8	NonTarget	1	9682
38.952	0.8	NonTarget	1	9738
39.176	0.8	NonTarget	1	9794
39.404	0.8	Target	2	9851
39.628	0.8	NonTarget	1	9907
39.852	0.8	NonTarget	1	9963
40.08	0.8	NonTarget	1	10020
40.304	0.8	NonTarget	1	10076
40.528	0.8	NonTarget	1	10132
40.756	0.8	NonTarget	1	10189
40.98	0.8	NonTarget	1	10245
41.208	0.8	NonTarget	1	10302
41.432	0.8	Target	2	10358
41.656	0.8	NonTarget	1	10414
41.884	0.8	NonTarget	1	10471
42.108	0.8	NonTarget	1	10527
42.336	0.8	NonTarget	1	10584
42.56	0.8	NonTarget	1	10640
42.784	0.8	NonTarget	1	10696
43.008	0.8	NonTarget	1	10752
57.612	0.8	NonTarget	1	14403
57.836	0.8	NonTarget	1	14459
58.064	0.8	NonTarget	1	14516
58.288	0.8	Target	2	14572
58.512	0.8	NonTarget	1	14628
58.74	0.8	NonTarget	1	14685
58.964	0.8	NonTarget	1	14741
59.192	0.8	NonTarget	1	14798
59.416	0.8	NonTarget	1	14854
59.64	0.8	NonTarget	1	14910
59.868	0.8	NonTarget	1	14967
60.092	0.8	NonTarget	1	15023
60.316	0.8	NonTarget	1	15079
60.544	0.8	NonTarget	1	15136
60.768	0.8	NonTarget	1	15192
60.992	0.8	NonTarget	1	15248
61.216	0.8	NonTarget	1	15304
61.444	0.8	Target	2	15361
61.668	0.8	NonTarget	1	15417
61.892	0.8	NonTarget	1	15473
62.12	0.8	NonTarget	1	15530
62.344	0.8	NonTarget	1	15586
62.568	0.8	NonTarget	1	15642
62.796	0.8	NonTarget	1	15699
63.02	0.8	NonTarget	1	15755
63.248	0.8	Target	2	15812
63.472	0.8	NonTarget	1	15868
63.696	0.8	NonTarget	1	15924
63.924	0.8	NonTarget	1	15981
64.148	0.8	Target	2	16037
64.376	0.8	NonTarget	1	16094
64.6	0.8	NonTarget	1	16150
64.824	0.8	NonTarget	1	16206
65.048	0.8	NonTarget	1	16262
65.276	0.8	NonTarget	1	16319
65.5	0.8	NonTarget	1	16375
65.724	0.8	NonTarget	1	16431
65.952	0.8	NonTarget	1	16488
66.176	0.8	NonTarget	1	16544
66.4	0.8	NonTarget	1	16600
66.624	0.8	NonTarget	1	16656
66.852	0.8	NonTarget	1	16713
67.076	0.8	Target	2	16769
67.3	0.8	NonTarget	1	16825
67.528	0.8	NonTarget	1	16882
67.752	0.8	NonTarget	1	16938
67.98	0.8	NonTarget	1	16995
68.204	0.8	NonTarget	1	17051
68.428	0.8	NonTarget	1	17107
68.656	0.8	NonTarget	1	17164
68.88	0.8	NonTarget	1	17220
69.108	0.8	NonTarget	1	17277
69.332	0.8	NonTarget	1	17333
69.556	0.8	Target	2	17389
69.784	0.8	NonTarget	1	17446
70.008	0.8	NonTarget	1	17502
70.236	0.8	NonTarget	1	17559
70.46	0.8	NonTarget	1	17615
70.688	0.8	NonTarget	1	17672
70.912	0.8	NonTarget	1	17728
71.136	0.8	NonTarget	1	17784
71.364	0.8	NonTarget	1	17841
71.588	0.8	NonTarget	1	17897
71.812	0.8	Target	2	17953
72.036	0.8	NonTarget	1	18009
72.264	0.8	NonTarget	1	18066
72.488	0.8	NonTarget	1	18122
72.712	0.8	NonTarget	1	18178
72.94	0.8	Target	2	18235
73.164	0.8	NonTarget	1	18291
73.388	0.8	NonTarget	1	18347
73.616	0.8	NonTarget	1	18404
73.84	0.8	NonTarget	1	18460
74.068	0.8	Target	2	18517
74.292	0.8	NonTarget	1	18573
74.52	0.8	NonTarget	1	18630
74.744	0.8	NonTarget	1	18686
74.968	0.8	NonTarget	1	18742
75.196	0.8	NonTarget	1	18799
75.42	0.8	NonTarget	1	18855
75.648	0.8	NonTarget	1	18912
75.872	0.8	NonTarget	1	18968
76.096	0.8	Target	2	19024
76.324	0.8	NonTarget	1	19081
76.548	0.8	NonTarget	1	19137
76.772	0.8	NonTarget	1	19193
76.996	0.8	NonTarget	1	19249
77.224	0.8	NonTarget	1	19306
77.448	0.8	NonTarget	1	19362
77.672	0.8	NonTarget	1	19418
77.9	0.8	NonTarget	1	19475
78.124	0.8	NonTarget	1	19531
78.348	0.8	NonTarget	1	19587
78.576	0.8	NonTarget	1	19644
78.8	0.8	NonTarget	1	19700
79.024	0.8	Target	2	19756
79.248	0.8	NonTarget	1	19812
79.472	0.8	NonTarget	1	19868
79.7	0.8	NonTarget	1	19925
79.928	0.8	NonTarget	1	19982
80.152	0.8	Target	2	20038
80.376	0.8	NonTarget	1	20094
80.604	0.8	NonTarget	1	20151
80.828	0.8	NonTarget	1	20207
81.052	0.8	NonTarget	1	20263
81.28	0.8	NonTarget	1	20320
81.504	0.8	NonTarget	1	20376
81.732	0.8	NonTarget	1	20433
103.9	0.8	NonTarget	1	25975
104.124	0.8	NonTarget	1	26031
104.352	0.8	NonTarget	1	26088
104.576	0.8	Target	2	26144
104.8	0.8	NonTarget	1	26200
105.024	0.8	NonTarget	1	26256
105.248	0.8	NonTarget	1	26312
105.476	0.8	NonTarget	1	26369
105.7	0.8	NonTarget	1	26425
105.928	0.8	NonTarget	1	26482
106.152	0.8	NonTarget	1	26538
106.376	0.8	NonTarget	1	26594
106.604	0.8	NonTarget	1	26651
106.828	0.8	NonTarget	1	26707
107.056	0.8	NonTarget	1	26764
107.28	0.8	Target	2	26820
107.504	0.8	NonTarget	1	26876
107.732	0.8	NonTarget	1	26933
107.956	0.8	NonTarget	1	26989
108.184	0.8	NonTarget	1	27046
108.408	0.8	NonTarget	1	27102
108.632	0.8	NonTarget	1	27158
108.86	0.8	NonTarget	1	27215
109.084	0.8	NonTarget	1	27271
109.312	0.8	NonTarget	1	27328
109.536	0.8	NonTarget	1	27384
109.76	0.8	NonTarget	1	27440
109.988	0.8	Target	2	27497
110.212	0.8	NonTarget	1	27553
110.44	0.8	NonTarget	1	27610
110.664	0.8	NonTarget	1	27666
110.888	0.8	NonTarget	1	27722
111.112	0.8	NonTarget	1	27778
111.336	0.8	NonTarget	1	27834
111.564	0.8	NonTarget	1	27891
111.788	0.8	NonTarget	1	27947
112.016	0.8	Target	2	28004
112.24	0.8	NonTarget	1	28060
112.464	0.8	NonTarget	1	28116
112.692	0.8	Target	2	28173
112.916	0.8	NonTarget	1	28229
113.144	0.8	NonTarget	1	28286
113.368	0.8	NonTarget	1	28342
113.592	0.8	NonTarget	1	28398
113.82	0.8	NonTarget	1	28455
114.044	0.8	NonTarget	1	28511
114.272	0.8	NonTarget	1	28568
114.496	0.8	NonTarget	1	28624
114.72	0.8	NonTarget	1	28680
114.944	0.8	NonTarget	1	28736
115.168	0.8	Target	2	28792
115.396	0.8	NonTarget	1	28849
115.62	0.8	NonTarget	1	28905
115.848	0.8	NonTarget	1	28962
116.072	0.8	NonTarget	1	29018
116.296	0.8	NonTarget	1	29074
116.524	0.8	NonTarget	1	29131
116.748	0.8	NonTarget	1	29187
116.976	0.8	NonTarget	1	29244
117.2	0.8	Target	2	29300
117.424	0.8	NonTarget	1	29356
117.648	0.8	NonTarget	1	29412
117.876	0.8	NonTarget	1	29469
118.1	0.8	NonTarget	1	29525
118.324	0.8	NonTarget	1	29581
118.548	0.8	NonTarget	1	29637
118.776	0.8	NonTarget	1	29694
119.0	0.8	Target	2	29750
119.228	0.8	NonTarget	1	29807
119.452	0.8	NonTarget	1	29863
119.676	0.8	NonTarget	1	29919
119.904	0.8	NonTarget	1	29976
120.128	0.8	NonTarget	1	30032
120.356	0.8	NonTarget	1	30089
120.58	0.8	NonTarget	1	30145
120.804	0.8	NonTarget	1	30201
121.032	0.8	NonTarget	1	30258
121.256	0.8	Target	2	30314
121.48	0.8	NonTarget	1	30370
121.704	0.8	NonTarget	1	30426
121.928	0.8	NonTarget	1	30482
122.156	0.8	NonTarget	1	30539
122.38	0.8	NonTarget	1	30595
122.608	0.8	NonTarget	1	30652
122.832	0.8	NonTarget	1	30708
123.056	0.8	NonTarget	1	30764
123.284	0.8	NonTarget	1	30821
123.508	0.8	NonTarget	1	30877
123.732	0.8	NonTarget	1	30933
123.96	0.8	NonTarget	1	30990
124.184	0.8	Target	2	31046
124.408	0.8	NonTarget	1	31102
124.632	0.8	NonTarget	1	31158
124.86	0.8	NonTarget	1	31215
125.084	0.8	NonTarget	1	31271
125.308	0.8	NonTarget	1	31327
125.536	0.8	Target	2	31384
125.76	0.8	NonTarget	1	31440
125.984	0.8	NonTarget	1	31496
126.208	0.8	NonTarget	1	31552
126.436	0.8	NonTarget	1	31609
126.66	0.8	NonTarget	1	31665
126.884	0.8	NonTarget	1	31721
127.112	0.8	NonTarget	1	31778
127.336	0.8	NonTarget	1	31834
127.56	0.8	NonTarget	1	31890
127.784	0.8	NonTarget	1	31946
128.012	0.8	NonTarget	1	32003
151.032	0.8	NonTarget	1	37758
151.256	0.8	NonTarget	1	37814
151.484	0.8	NonTarget	1	37871
151.708	0.8	NonTarget	1	37927
151.936	0.8	NonTarget	1	37984
152.16	0.8	Target	2	38040
152.388	0.8	NonTarget	1	38097
152.612	0.8	NonTarget	1	38153
152.836	0.8	NonTarget	1	38209
153.064	0.8	NonTarget	1	38266
153.288	0.8	NonTarget	1	38322
153.516	0.8	NonTarget	1	38379
153.74	0.8	NonTarget	1	38435
153.964	0.8	NonTarget	1	38491
154.188	0.8	NonTarget	1	38547
154.416	0.8	NonTarget	1	38604
154.64	0.8	NonTarget	1	38660
154.868	0.8	NonTarget	1	38717
155.092	0.8	Target	2	38773
155.316	0.8	NonTarget	1	38829
155.544	0.8	NonTarget	1	38886
155.768	0.8	NonTarget	1	38942
155.992	0.8	NonTarget	1	38998
156.22	0.8	NonTarget	1	39055
156.444	0.8	NonTarget	1	39111
156.672	0.8	NonTarget	1	39168
156.896	0.8	NonTarget	1	39224
157.124	0.8	Target	2	39281
157.348	0.8	NonTarget	1	39337
157.572	0.8	NonTarget	1	39393
157.8	0.8	NonTarget	1	39450
158.024	0.8	NonTarget	1	39506
158.252	0.8	Target	2	39563
158.476	0.8	NonTarget	1	39619
158.7	0.8	NonTarget	1	39675
158.924	0.8	NonTarget	1	39731
159.152	0.8	NonTarget	1	39788
159.376	0.8	NonTarget	1	39844
159.604	0.8	NonTarget	1	39901
159.828	0.8	NonTarget	1	39957
160.052	0.8	NonTarget	1	40013
160.28	0.8	NonTarget	1	40070
160.504	0.8	NonTarget	1	40126
160.732	0.8	Target	2	40183
160.956	0.8	NonTarget	1	40239
161.184	0.8	NonTarget	1	40296
161.408	0.8	NonTarget	1	40352
161.632	0.8	NonTarget	1	40408
161.86	0.8	NonTarget	1	40465
162.084	0.8	NonTarget	1	40521
162.312	0.8	NonTarget	1	40578
162.536	0.8	NonTarget	1	40634
162.76	0.8	NonTarget	1	40690
162.988	0.8	NonTarget	1	40747
163.212	0.8	Target	2	40803
163.44	0.8	NonTarget	1	40860
163.664	0.8	NonTarget	1	40916
163.892	0.8	NonTarget	1	40973
164.116	0.8	NonTarget	1	41029
164.34	0.8	NonTarget	1	41085
164.568	0.8	NonTarget	1	41142
164.792	0.8	NonTarget	1	41198
165.016	0.8	Target	2	41254
165.244	0.8	NonTarget	1	41311
165.468	0.8	NonTarget	1	41367
165.696	0.8	NonTarget	1	41424
165.92	0.8	NonTarget	1	41480
166.144	0.8	NonTarget	1	41536
166.368	0.8	NonTarget	1	41592
166.592	0.8	NonTarget	1	41648
166.82	0.8	NonTarget	1	41705
167.044	0.8	Target	2	41761
167.272	0.8	NonTarget	1	41818
167.496	0.8	NonTarget	1	41874
167.72	0.8	NonTarget	1	41930
167.948	0.8	Target	2	41987
168.172	0.8	NonTarget	1	42043
168.4	0.8	NonTarget	1	42100
168.624	0.8	NonTarget	1	42156
168.848	0.8	NonTarget	1	42212
169.076	0.8	NonTarget	1	42269
169.3	0.8	NonTarget	1	42325
169.528	0.8	NonTarget	1	42382
169.752	0.8	NonTarget	1	42438
169.976	0.8	NonTarget	1	42494
170.204	0.8	NonTarget	1	42551
170.428	0.8	NonTarget	1	42607
170.652	0.8	NonTarget	1	42663
170.88	0.8	Target	2	42720
171.104	0.8	NonTarget	1	42776
171.328	0.8	NonTarget	1	42832
171.552	0.8	NonTarget	1	42888
171.78	0.8	NonTarget	1	42945
172.004	0.8	NonTarget	1	43001
172.232	0.8	NonTarget	1	43058
172.456	0.8	NonTarget	1	43114
172.68	0.8	NonTarget	1	43170
172.904	0.8	NonTarget	1	43226
173.132	0.8	NonTarget	1	43283
173.36	0.8	Target	2	43340
173.584	0.8	NonTarget	1	43396
173.808	0.8	NonTarget	1	43452
174.032	0.8	NonTarget	1	43508
174.26	0.8	NonTarget	1	43565
174.484	0.8	NonTarget	1	43621
174.712	0.8	NonTarget	1	43678
174.936	0.8	Target	2	43734
175.164	0.8	NonTarget	1	43791
195.452	0.8	NonTarget	1	48863
195.676	0.8	NonTarget	1	48919
195.904	0.8	NonTarget	1	48976
196.128	0.8	NonTarget	1	49032
196.356	0.8	NonTarget	1	49089
196.58	0.8	NonTarget	1	49145
196.808	0.8	NonTarget	1	49202
197.032	0.8	NonTarget	1	49258
197.256	0.8	NonTarget	1	49314
197.484	0.8	Target	2	49371
197.708	0.8	NonTarget	1	49427
197.936	0.8	NonTarget	1	49484
198.16	0.8	NonTarget	1	49540
198.384	0.8	NonTarget	1	49596
198.612	0.8	NonTarget	1	49653
198.836	0.8	Target	2	49709
199.064	0.8	NonTarget	1	49766
199.288	0.8	NonTarget	1	49822
199.512	0.8	NonTarget	1	49878
199.74	0.8	NonTarget	1	49935
199.964	0.8	NonTarget	1	49991
200.188	0.8	NonTarget	1	50047
200.416	0.8	NonTarget	1	50104
200.64	0.8	NonTarget	1	50160
200.864	0.8	Target	2	50216
201.088	0.8	NonTarget	1	50272
201.316	0.8	NonTarget	1	50329
201.54	0.8	NonTarget	1	50385
201.768	0.8	NonTarget	1	50442
201.992	0.8	NonTarget	1	50498
202.216	0.8	NonTarget	1	50554
202.444	0.8	NonTarget	1	50611
202.668	0.8	NonTarget	1	50667
202.896	0.8	NonTarget	1	50724
203.12	0.8	NonTarget	1	50780
203.348	0.8	Target	2	50837
203.572	0.8	NonTarget	1	50893
203.796	0.8	NonTarget	1	50949
204.024	0.8	NonTarget	1	51006
204.248	0.8	Target	2	51062
204.476	0.8	NonTarget	1	51119
204.7	0.8	NonTarget	1	51175
204.924	0.8	NonTarget	1	51231
205.152	0.8	NonTarget	1	51288
205.376	0.8	NonTarget	1	51344
205.604	0.8	NonTarget	1	51401
205.828	0.8	NonTarget	1	51457
206.052	0.8	Target	2	51513
206.276	0.8	NonTarget	1	51569
206.5	0.8	NonTarget	1	51625
206.728	0.8	NonTarget	1	51682
206.952	0.8	NonTarget	1	51738
207.18	0.8	NonTarget	1	51795
207.404	0.8	NonTarget	1	51851
207.628	0.8	NonTarget	1	51907
207.856	0.8	NonTarget	1	51964
208.08	0.8	NonTarget	1	52020
208.308	0.8	NonTarget	1	52077
208.532	0.8	Target	2	52133
208.756	0.8	NonTarget	1	52189
208.984	0.8	NonTarget	1	52246
209.208	0.8	NonTarget	1	52302
209.436	0.8	NonTarget	1	52359
209.66	0.8	NonTarget	1	52415
209.884	0.8	Target	2	52471
210.108	0.8	NonTarget	1	52527
210.336	0.8	NonTarget	1	52584
210.564	0.8	NonTarget	1	52641
210.788	0.8	NonTarget	1	52697
211.012	0.8	NonTarget	1	52753
211.24	0.8	NonTarget	1	52810
211.464	0.8	NonTarget	1	52866
211.688	0.8	NonTarget	1	52922
211.916	0.8	NonTarget	1	52979
212.14	0.8	NonTarget	1	53035
212.368	0.8	NonTarget	1	53092
212.592	0.8	Target	2	53148
212.816	0.8	NonTarget	1	53204
213.044	0.8	NonTarget	1	53261
213.268	0.8	NonTarget	1	53317
213.492	0.8	NonTarget	1	53373
213.716	0.8	NonTarget	1	53429
213.944	0.8	NonTarget	1	53486
214.168	0.8	NonTarget	1	53542
214.392	0.8	Target	2	53598
214.62	0.8	NonTarget	1	53655
214.844	0.8	NonTarget	1	53711
215.068	0.8	NonTarget	1	53767
215.296	0.8	NonTarget	1	53824
215.52	0.8	NonTarget	1	53880
215.748	0.8	NonTarget	1	53937
215.972	0.8	NonTarget	1	53993
216.196	0.8	NonTarget	1	54049
216.424	0.8	NonTarget	1	54106
216.648	0.8	NonTarget	1	54162
216.876	0.8	NonTarget	1	54219
217.1	0.8	NonTarget	1	54275
217.328	0.8	Target	2	54332
217.552	0.8	NonTarget	1	54388
217.776	0.8	NonTarget	1	54444
218.0	0.8	NonTarget	1	54500
218.228	0.8	NonTarget	1	54557
218.452	0.8	NonTarget	1	54613
218.68	0.8	NonTarget	1	54670
218.904	0.8	NonTarget	1	54726
219.128	0.8	NonTarget	1	54782
219.352	0.8	NonTarget	1	54838
219.58	0.8	NonTarget	1	54895
219.804	0.8	Target	2	54951
246.88	0.8	NonTarget	1	61720
247.108	0.8	NonTarget	1	61777
247.332	0.8	NonTarget	1	61833
247.556	0.8	NonTarget	1	61889
247.78	0.8	NonTarget	1	61945
248.008	0.8	NonTarget	1	62002
248.232	0.8	NonTarget	1	62058
248.46	0.8	NonTarget	1	62115
248.684	0.8	NonTarget	1	62171
248.908	0.8	Target	2	62227
249.136	0.8	NonTarget	1	62284
249.36	0.8	NonTarget	1	62340
249.588	0.8	NonTarget	1	62397
249.812	0.8	NonTarget	1	62453
250.036	0.8	Target	2	62509
250.264	0.8	NonTarget	1	62566
250.488	0.8	NonTarget	1	62622
250.716	0.8	NonTarget	1	62679
250.94	0.8	NonTarget	1	62735
251.164	0.8	NonTarget	1	62791
251.392	0.8	NonTarget	1	62848
251.616	0.8	NonTarget	1	62904
251.84	0.8	NonTarget	1	62960
252.068	0.8	NonTarget	1	63017
252.292	0.8	NonTarget	1	63073
252.516	0.8	NonTarget	1	63129
252.74	0.8	Target	2	63185
252.968	0.8	NonTarget	1	63242
253.192	0.8	NonTarget	1	63298
253.42	0.8	NonTarget	1	63355
253.644	0.8	NonTarget	1	63411
253.868	0.8	NonTarget	1	63467
254.096	0.8	NonTarget	1	63524
254.32	0.8	NonTarget	1	63580
254.548	0.8	NonTarget	1	63637
254.772	0.8	NonTarget	1	63693
254.996	0.8	Target	2	63749
255.224	0.8	NonTarget	1	63806
255.448	0.8	NonTarget	1	63862
255.676	0.8	NonTarget	1	63919
255.9	0.8	NonTarget	1	63975
256.124	0.8	NonTarget	1	64031
256.352	0.8	NonTarget	1	64088
256.576	0.8	NonTarget	1	64144
256.8	0.8	NonTarget	1	64200
257.028	0.8	Target	2	64257
257.252	0.8	NonTarget	1	64313
257.476	0.8	NonTarget	1	64369
257.7	0.8	NonTarget	1	64425
257.928	0.8	NonTarget	1	64482
258.152	0.8	NonTarget	1	64538
258.376	0.8	NonTarget	1	64594
258.604	0.8	Target	2	64651
258.828	0.8	NonTarget	1	64707
259.056	0.8	NonTarget	1	64764
259.28	0.8	NonTarget	1	64820
259.504	0.8	NonTarget	1	64876
259.732	0.8	NonTarget	1	64933
259.956	0.8	NonTarget	1	64989
260.184	0.8	NonTarget	1	65046
260.408	0.8	NonTarget	1	65102
260.636	0.8	Target	2	65159
260.86	0.8	NonTarget	1	65215
261.084	0.8	NonTarget	1	65271
261.312	0.8	NonTarget	1	65328
261.536	0.8	Target	2	65384
261.764	0.8	NonTarget	1	65441
261.988	0.8	NonTarget	1	65497
262.212	0.8	NonTarget	1	65553
262.44	0.8	NonTarget	1	65610
262.664	0.8	NonTarget	1	65666
262.892	0.8	NonTarget	1	65723
263.116	0.8	NonTarget	1	65779
263.34	0.8	NonTarget	1	65835
263.568	0.8	NonTarget	1	65892
263.792	0.8	NonTarget	1	65948
264.016	0.8	NonTarget	1	66004
264.24	0.8	NonTarget	1	66060
264.468	0.8	Target	2	66117
264.692	0.8	NonTarget	1	66173
264.916	0.8	NonTarget	1	66229
265.144	0.8	NonTarget	1	66286
265.368	0.8	NonTarget	1	66342
265.596	0.8	Target	2	66399
265.82	0.8	NonTarget	1	66455
266.044	0.8	NonTarget	1	66511
266.272	0.8	NonTarget	1	66568
266.496	0.8	NonTarget	1	66624
266.724	0.8	NonTarget	1	66681
266.948	0.8	NonTarget	1	66737
267.172	0.8	NonTarget	1	66793
267.4	0.8	NonTarget	1	66850
267.624	0.8	NonTarget	1	66906
267.848	0.8	NonTarget	1	66962
268.072	0.8	NonTarget	1	67018
268.296	0.8	NonTarget	1	67074
268.524	0.8	NonTarget	1	67131
268.748	0.8	Target	2	67187
268.976	0.8	NonTarget	1	67244
269.2	0.8	NonTarget	1	67300
269.424	0.8	NonTarget	1	67356
269.648	0.8	NonTarget	1	67412
269.876	0.8	NonTarget	1	67469
270.1	0.8	NonTarget	1	67525
270.324	0.8	NonTarget	1	67581
270.552	0.8	NonTarget	1	67638
270.776	0.8	Target	2	67694
271.0	0.8	NonTarget	1	67750
271.228	0.8	NonTarget	1	67807
288.332	0.8	NonTarget	1	72083
288.56	0.8	NonTarget	1	72140
288.784	0.8	NonTarget	1	72196
289.008	0.8	NonTarget	1	72252
289.232	0.8	NonTarget	1	72308
289.46	0.8	NonTarget	1	72365
289.684	0.8	Target	2	72421
289.908	0.8	NonTarget	1	72477
290.136	0.8	NonTarget	1	72534
290.36	0.8	NonTarget	1	72590
290.584	0.8	NonTarget	1	72646
290.812	0.8	NonTarget	1	72703
291.036	0.8	NonTarget	1	72759
291.264	0.8	NonTarget	1	72816
291.488	0.8	NonTarget	1	72872
291.712	0.8	Target	2	72928
291.94	0.8	NonTarget	1	72985
292.164	0.8	NonTarget	1	73041
292.392	0.8	NonTarget	1	73098
292.616	0.8	NonTarget	1	73154
292.844	0.8	NonTarget	1	73211
293.068	0.8	NonTarget	1	73267
293.292	0.8	NonTarget	1	73323
293.52	0.8	NonTarget	1	73380
293.744	0.8	NonTarget	1	73436
293.972	0.8	NonTarget	1	73493
294.196	0.8	Target	2	73549
294.42	0.8	NonTarget	1	73605
294.644	0.8	NonTarget	1	73661
294.872	0.8	NonTarget	1	73718
295.096	0.8	NonTarget	1	73774
295.32	0.8	NonTarget	1	73830
295.548	0.8	NonTarget	1	73887
295.772	0.8	NonTarget	1	73943
296.0	0.8	NonTarget	1	74000
296.224	0.8	NonTarget	1	74056
296.448	0.8	Target	2	74112
296.676	0.8	NonTarget	1	74169
296.9	0.8	NonTarget	1	74225
297.124	0.8	NonTarget	1	74281
297.352	0.8	Target	2	74338
297.576	0.8	NonTarget	1	74394
297.804	0.8	NonTarget	1	74451
298.028	0.8	NonTarget	1	74507
298.252	0.8	NonTarget	1	74563
298.476	0.8	NonTarget	1	74619
298.704	0.8	NonTarget	1	74676
298.928	0.8	NonTarget	1	74732
299.152	0.8	NonTarget	1	74788
299.38	0.8	NonTarget	1	74845
299.604	0.8	NonTarget	1	74901
299.828	0.8	Target	2	74957
300.056	0.8	NonTarget	1	75014
300.28	0.8	NonTarget	1	75070
300.504	0.8	NonTarget	1	75126
300.732	0.8	NonTarget	1	75183
300.956	0.8	NonTarget	1	75239
301.184	0.8	NonTarget	1	75296
301.408	0.8	NonTarget	1	75352
301.632	0.8	Target	2	75408
301.856	0.8	NonTarget	1	75464
302.084	0.8	NonTarget	1	75521
302.308	0.8	NonTarget	1	75577
302.536	0.8	NonTarget	1	75634
302.76	0.8	NonTarget	1	75690
302.984	0.8	Target	2	75746
303.208	0.8	NonTarget	1	75802
303.436	0.8	NonTarget	1	75859
303.66	0.8	NonTarget	1	75915
303.888	0.8	NonTarget	1	75972
304.112	0.8	NonTarget	1	76028
304.336	0.8	NonTarget	1	76084
304.564	0.8	NonTarget	1	76141
304.788	0.8	Target	2	76197
305.016	0.8	NonTarget	1	76254
305.24	0.8	NonTarget	1	76310
305.468	0.8	NonTarget	1	76367
305.692	0.8	NonTarget	1	76423
305.916	0.8	NonTarget	1	76479
306.144	0.8	NonTarget	1	76536
306.368	0.8	NonTarget	1	76592
306.592	0.8	NonTarget	1	76648
306.816	0.8	NonTarget	1	76704
307.04	0.8	NonTarget	1	76760
307.268	0.8	NonTarget	1	76817
307.492	0.8	Target	2	76873
307.72	0.8	NonTarget	1	76930
307.944	0.8	NonTarget	1	76986
308.168	0.8	NonTarget	1	77042
308.396	0.8	NonTarget	1	77099
308.62	0.8	NonTarget	1	77155
308.848	0.8	Target	2	77212
309.072	0.8	NonTarget	1	77268
309.3	0.8	NonTarget	1	77325
309.524	0.8	NonTarget	1	77381
309.748	0.8	NonTarget	1	77437
309.976	0.8	NonTarget	1	77494
310.2	0.8	NonTarget	1	77550
310.428	0.8	NonTarget	1	77607
310.652	0.8	NonTarget	1	77663
310.876	0.8	NonTarget	1	77719
311.1	0.8	NonTarget	1	77775
311.328	0.8	Target	2	77832
311.552	0.8	NonTarget	1	77888
311.776	0.8	NonTarget	1	77944
312.0	0.8	NonTarget	1	78000
312.228	0.8	NonTarget	1	78057
312.452	0.8	NonTarget	1	78113
385.4	0.8	NonTarget	1	96350
385.624	0.8	NonTarget	1	96406
385.848	0.8	NonTarget	1	96462
386.072	0.8	NonTarget	1	96518
386.3	0.8	NonTarget	1	96575
386.524	0.8	NonTarget	1	96631
386.752	0.8	NonTarget	1	96688
386.976	0.8	NonTarget	1	96744
387.2	0.8	NonTarget	1	96800
387.428	0.8	Target	2	96857
387.652	0.8	NonTarget	1	96913
387.88	0.8	NonTarget	1	96970
388.104	0.8	NonTarget	1	97026
388.328	0.8	NonTarget	1	97082
388.556	0.8	NonTarget	1	97139
388.78	0.8	NonTarget	1	97195
389.008	0.8	Target	2	97252
389.232	0.8	NonTarget	1	97308
389.456	0.8	NonTarget	1	97364
389.684	0.8	NonTarget	1	97421
389.908	0.8	NonTarget	1	97477
390.136	0.8	NonTarget	1	97534
390.36	0.8	NonTarget	1	97590
390.588	0.8	NonTarget	1	97647
390.812	0.8	NonTarget	1	97703
391.036	0.8	NonTarget	1	97759
391.264	0.8	NonTarget	1	97816
391.488	0.8	Target	2	97872
391.716	0.8	NonTarget	1	97929
391.94	0.8	NonTarget	1	97985
392.164	0.8	NonTarget	1	98041
392.392	0.8	Target	2	98098
392.616	0.8	NonTarget	1	98154
392.84	0.8	NonTarget	1	98210
393.068	0.8	NonTarget	1	98267
393.292	0.8	NonTarget	1	98323
393.516	0.8	NonTarget	1	98379
393.744	0.8	NonTarget	1	98436
393.968	0.8	NonTarget	1	98492
394.196	0.8	NonTarget	1	98549
394.42	0.8	NonTarget	1	98605
394.644	0.8	NonTarget	1	98661
394.872	0.8	NonTarget	1	98718
395.096	0.8	NonTarget	1	98774
395.324	0.8	Target	2	98831
395.548	0.8	NonTarget	1	98887
395.776	0.8	NonTarget	1	98944
396.0	0.8	NonTarget	1	99000
396.224	0.8	NonTarget	1	99056
396.452	0.8	Target	2	99113
396.676	0.8	NonTarget	1	99169
396.904	0.8	NonTarget	1	99226
397.128	0.8	NonTarget	1	99282
397.352	0.8	NonTarget	1	99338
397.576	0.8	NonTarget	1	99394
397.804	0.8	NonTarget	1	99451
398.028	0.8	NonTarget	1	99507
398.256	0.8	NonTarget	1	99564
398.48	0.8	Target	2	99620
398.704	0.8	NonTarget	1	99676
398.928	0.8	NonTarget	1	99732
399.156	0.8	NonTarget	1	99789
399.38	0.8	NonTarget	1	99845
399.604	0.8	NonTarget	1	99901
399.832	0.8	NonTarget	1	99958
400.056	0.8	NonTarget	1	100014
400.28	0.8	Target	2	100070
400.508	0.8	NonTarget	1	100127
400.732	0.8	NonTarget	1	100183
400.96	0.8	NonTarget	1	100240
401.184	0.8	NonTarget	1	100296
401.408	0.8	NonTarget	1	100352
401.636	0.8	NonTarget	1	100409
401.86	0.8	NonTarget	1	100465
402.084	0.8	NonTarget	1	100521
402.312	0.8	NonTarget	1	100578
402.536	0.8	Target	2	100634
402.764	0.8	NonTarget	1	100691
402.988	0.8	NonTarget	1	100747
403.216	0.8	NonTarget	1	100804
403.44	0.8	NonTarget	1	100860
403.664	0.8	NonTarget	1	100916
403.888	0.8	Target	2	100972
404.112	0.8	NonTarget	1	101028
404.34	0.8	NonTarget	1	101085
404.564	0.8	NonTarget	1	101141
404.792	0.8	NonTarget	1	101198
405.016	0.8	NonTarget	1	101254
405.24	0.8	NonTarget	1	101310
405.468	0.8	NonTarget	1	101367
405.692	0.8	NonTarget	1	101423
405.92	0.8	NonTarget	1	101480
406.144	0.8	NonTarget	1	101536
406.368	0.8	NonTarget	1	101592
406.596	0.8	Target	2	101649
406.82	0.8	NonTarget	1	101705
407.044	0.8	NonTarget	1	101761
407.268	0.8	NonTarget	1	101817
407.496	0.8	NonTarget	1	101874
407.72	0.8	NonTarget	1	101930
407.944	0.8	NonTarget	1	101986
408.172	0.8	NonTarget	1	102043
408.396	0.8	NonTarget	1	102099
408.62	0.8	Target	2	102155
408.848	0.8	NonTarget	1	102212
409.072	0.8	NonTarget	1	102268
409.3	0.8	NonTarget	1	102325
409.524	0.8	NonTarget	1	102381
423.196	0.8	NonTarget	1	105799
423.424	0.8	Target	2	105856
423.648	0.8	NonTarget	1	105912
423.872	0.8	NonTarget	1	105968
424.1	0.8	NonTarget	1	106025
424.324	0.8	NonTarget	1	106081
424.552	0.8	NonTarget	1	106138
424.776	0.8	NonTarget	1	106194
425.0	0.8	NonTarget	1	106250
425.224	0.8	NonTarget	1	106306
425.448	0.8	Target	2	106362
425.676	0.8	NonTarget	1	106419
425.9	0.8	NonTarget	1	106475
426.128	0.8	NonTarget	1	106532
426.352	0.8	NonTarget	1	106588
426.576	0.8	NonTarget	1	106644
426.804	0.8	NonTarget	1	106701
427.028	0.8	NonTarget	1	106757
427.256	0.8	NonTarget	1	106814
427.48	0.8	NonTarget	1	106870
427.704	0.8	NonTarget	1	106926
427.932	0.8	NonTarget	1	106983
428.156	0.8	Target	2	107039
428.384	0.8	NonTarget	1	107096
428.608	0.8	NonTarget	1	107152
428.832	0.8	NonTarget	1	107208
429.056	0.8	NonTarget	1	107264
429.28	0.8	NonTarget	1	107320
429.508	0.8	NonTarget	1	107377
429.732	0.8	NonTarget	1	107433
429.96	0.8	NonTarget	1	107490
430.184	0.8	Target	2	107546
430.408	0.8	NonTarget	1	107602
430.636	0.8	NonTarget	1	107659
430.86	0.8	NonTarget	1	107715
431.088	0.8	NonTarget	1	107772
431.312	0.8	NonTarget	1	107828
431.536	0.8	Target	2	107884
431.76	0.8	NonTarget	1	107940
431.988	0.8	NonTarget	1	107997
432.216	0.8	NonTarget	1	108054
432.44	0.8	NonTarget	1	108110
432.664	0.8	NonTarget	1	108166
432.888	0.8	NonTarget	1	108222
433.112	0.8	NonTarget	1	108278
433.34	0.8	NonTarget	1	108335
433.564	0.8	NonTarget	1	108391
433.788	0.8	NonTarget	1	108447
434.016	0.8	NonTarget	1	108504
434.24	0.8	Target	2	108560
434.464	0.8	NonTarget	1	108616
434.692	0.8	NonTarget	1	108673
434.916	0.8	NonTarget	1	108729
435.14	0.8	NonTarget	1	108785
435.364	0.8	NonTarget	1	108841
435.592	0.8	NonTarget	1	108898
435.816	0.8	Target	2	108954
436.044	0.8	NonTarget	1	109011
436.268	0.8	NonTarget	1	109067
436.492	0.8	NonTarget	1	109123
436.716	0.8	NonTarget	1	109179
436.944	0.8	NonTarget	1	109236
437.168	0.8	NonTarget	1	109292
437.396	0.8	NonTarget	1	109349
437.62	0.8	NonTarget	1	109405
437.844	0.8	NonTarget	1	109461
438.072	0.8	Target	2	109518
438.296	0.8	NonTarget	1	109574
438.524	0.8	NonTarget	1	109631
438.748	0.8	NonTarget	1	109687
438.972	0.8	NonTarget	1	109743
439.196	0.8	NonTarget	1	109799
439.424	0.8	NonTarget	1	109856
439.648	0.8	Target	2	109912
439.872	0.8	NonTarget	1	109968
440.1	0.8	NonTarget	1	110025
440.324	0.8	NonTarget	1	110081
440.548	0.8	NonTarget	1	110137
440.776	0.8	NonTarget	1	110194
441.0	0.8	NonTarget	1	110250
441.224	0.8	NonTarget	1	110306
441.448	0.8	NonTarget	1	110362
441.676	0.8	NonTarget	1	110419
441.9	0.8	NonTarget	1	110475
442.128	0.8	NonTarget	1	110532
442.352	0.8	NonTarget	1	110588
442.576	0.8	NonTarget	1	110644
442.804	0.8	Target	2	110701
443.028	0.8	NonTarget	1	110757
443.256	0.8	NonTarget	1	110814
443.48	0.8	NonTarget	1	110870
443.704	0.8	NonTarget	1	110926
443.932	0.8	NonTarget	1	110983
444.156	0.8	NonTarget	1	111039
444.384	0.8	NonTarget	1	111096
444.608	0.8	NonTarget	1	111152
444.832	0.8	NonTarget	1	111208
445.056	0.8	NonTarget	1	111264
445.284	0.8	Target	2	111321
445.508	0.8	NonTarget	1	111377
445.732	0.8	NonTarget	1	111433
445.96	0.8	NonTarget	1	111490
446.184	0.8	NonTarget	1	111546
446.408	0.8	Target	2	111602
446.636	0.8	NonTarget	1	111659
446.86	0.8	NonTarget	1	111715
447.084	0.8	NonTarget	1	111771
447.312	0.8	NonTarget	1	111828
447.536	0.8	NonTarget	1	111884
484.652	0.8	Target	2	121163
484.88	0.8	NonTarget	1	121220
485.104	0.8	NonTarget	1	121276
485.332	0.8	NonTarget	1	121333
485.556	0.8	NonTarget	1	121389
485.78	0.8	NonTarget	1	121445
486.008	0.8	NonTarget	1	121502
486.232	0.8	Target	2	121558
486.46	0.8	NonTarget	1	121615
486.684	0.8	NonTarget	1	121671
486.908	0.8	NonTarget	1	121727
487.136	0.8	NonTarget	1	121784
487.36	0.8	NonTarget	1	121840
487.588	0.8	Target	2	121897
487.812	0.8	NonTarget	1	121953
488.036	0.8	NonTarget	1	122009
488.264	0.8	NonTarget	1	122066
488.488	0.8	NonTarget	1	122122
488.712	0.8	NonTarget	1	122178
488.936	0.8	Target	2	122234
489.164	0.8	NonTarget	1	122291
489.388	0.8	NonTarget	1	122347
489.612	0.8	NonTarget	1	122403
489.84	0.8	NonTarget	1	122460
490.064	0.8	NonTarget	1	122516
490.292	0.8	NonTarget	1	122573
490.516	0.8	NonTarget	1	122629
490.74	0.8	NonTarget	1	122685
490.968	0.8	NonTarget	1	122742
491.192	0.8	NonTarget	1	122798
491.42	0.8	NonTarget	1	122855
491.644	0.8	Target	2	122911
491.872	0.8	NonTarget	1	122968
492.096	0.8	NonTarget	1	123024
492.32	0.8	NonTarget	1	123080
492.548	0.8	NonTarget	1	123137
492.772	0.8	NonTarget	1	123193
493.0	0.8	NonTarget	1	123250
493.224	0.8	Target	2	123306
493.448	0.8	NonTarget	1	123362
493.672	0.8	NonTarget	1	123418
493.9	0.8	NonTarget	1	123475
494.124	0.8	NonTarget	1	123531
494.348	0.8	NonTarget	1	123587
494.576	0.8	NonTarget	1	123644
494.8	0.8	NonTarget	1	123700
495.024	0.8	NonTarget	1	123756
495.252	0.8	NonTarget	1	123813
495.476	0.8	NonTarget	1	123869
495.7	0.8	NonTarget	1	123925
495.928	0.8	NonTarget	1	123982
496.152	0.8	NonTarget	1	124038
496.376	0.8	NonTarget	1	124094
496.604	0.8	NonTarget	1	124151
496.828	0.8	Target	2	124207
497.052	0.8	NonTarget	1	124263
497.28	0.8	NonTarget	1	124320
497.504	0.8	NonTarget	1	124376
497.732	0.8	NonTarget	1	124433
497.956	0.8	NonTarget	1	124489
498.18	0.8	NonTarget	1	124545
498.408	0.8	NonTarget	1	124602
498.632	0.8	Target	2	124658
498.856	0.8	NonTarget	1	124714
499.084	0.8	NonTarget	1	124771
499.308	0.8	NonTarget	1	124827
499.532	0.8	NonTarget	1	124883
499.756	0.8	NonTarget	1	124939
499.984	0.8	Target	2	124996
500.208	0.8	NonTarget	1	125052
500.432	0.8	NonTarget	1	125108
500.66	0.8	NonTarget	1	125165
500.884	0.8	NonTarget	1	125221
501.112	0.8	NonTarget	1	125278
501.336	0.8	NonTarget	1	125334
501.56	0.8	NonTarget	1	125390
501.788	0.8	NonTarget	1	125447
502.012	0.8	NonTarget	1	125503
502.236	0.8	Target	2	125559
502.464	0.8	NonTarget	1	125616
502.688	0.8	NonTarget	1	125672
502.916	0.8	NonTarget	1	125729
503.14	0.8	NonTarget	1	125785
503.364	0.8	NonTarget	1	125841
503.592	0.8	NonTarget	1	125898
503.816	0.8	NonTarget	1	125954
504.044	0.8	NonTarget	1	126011
504.268	0.8	NonTarget	1	126067
504.492	0.8	NonTarget	1	126123
504.716	0.8	Target	2	126179
504.94	0.8	NonTarget	1	126235
505.168	0.8	NonTarget	1	126292
505.392	0.8	NonTarget	1	126348
505.62	0.8	NonTarget	1	126405
505.844	0.8	NonTarget	1	126461
506.068	0.8	Target	2	126517
506.296	0.8	NonTarget	1	126574
506.52	0.8	NonTarget	1	126630
506.748	0.8	NonTarget	1	126687
506.972	0.8	NonTarget	1	126743
507.196	0.8	NonTarget	1	126799
507.424	0.8	NonTarget	1	126856
507.648	0.8	NonTarget	1	126912
507.876	0.8	NonTarget	1	126969
508.1	0.8	NonTarget	1	127025
508.324	0.8	NonTarget	1	127081
508.552	0.8	Target	2	127138
508.776	0.8	NonTarget	1	127194
528.684	0.8	NonTarget	1	132171
528.912	0.8	NonTarget	1	132228
529.136	0.8	NonTarget	1	132284
529.36	0.8	NonTarget	1	132340
529.588	0.8	NonTarget	1	132397
529.812	0.8	NonTarget	1	132453
530.04	0.8	Target	2	132510
530.264	0.8	NonTarget	1	132566
530.488	0.8	NonTarget	1	132622
530.716	0.8	NonTarget	1	132679
530.94	0.8	NonTarget	1	132735
531.164	0.8	NonTarget	1	132791
531.388	0.8	NonTarget	1	132847
531.616	0.8	Target	2	132904
531.84	0.8	NonTarget	1	132960
532.064	0.8	NonTarget	1	133016
532.292	0.8	NonTarget	1	133073
532.516	0.8	NonTarget	1	133129
532.74	0.8	NonTarget	1	133185
532.964	0.8	NonTarget	1	133241
533.192	0.8	NonTarget	1	133298
533.416	0.8	NonTarget	1	133354
533.64	0.8	NonTarget	1	133410
533.868	0.8	NonTarget	1	133467
534.092	0.8	Target	2	133523
534.316	0.8	NonTarget	1	133579
534.544	0.8	NonTarget	1	133636
534.768	0.8	NonTarget	1	133692
534.996	0.8	NonTarget	1	133749
535.22	0.8	NonTarget	1	133805
535.444	0.8	NonTarget	1	133861
535.672	0.8	NonTarget	1	133918
535.896	0.8	NonTarget	1	133974
536.124	0.8	NonTarget	1	134031
536.348	0.8	Target	2	134087
536.572	0.8	NonTarget	1	134143
536.796	0.8	NonTarget	1	134199
537.024	0.8	NonTarget	1	134256
537.248	0.8	Target	2	134312
537.472	0.8	NonTarget	1	134368
537.696	0.8	NonTarget	1	134424
537.924	0.8	NonTarget	1	134481
538.148	0.8	NonTarget	1	134537
538.376	0.8	NonTarget	1	134594
538.6	0.8	NonTarget	1	134650
538.824	0.8	NonTarget	1	134706
539.048	0.8	NonTarget	1	134762
539.276	0.8	NonTarget	1	134819
539.5	0.8	NonTarget	1	134875
539.728	0.8	NonTarget	1	134932
539.952	0.8	NonTarget	1	134988
540.176	0.8	NonTarget	1	135044
540.4	0.8	NonTarget	1	135100
540.628	0.8	NonTarget	1	135157
540.856	0.8	Target	2	135214
541.08	0.8	NonTarget	1	135270
541.304	0.8	NonTarget	1	135326
541.528	0.8	NonTarget	1	135382
541.756	0.8	NonTarget	1	135439
541.98	0.8	NonTarget	1	135495
542.204	0.8	NonTarget	1	135551
542.432	0.8	NonTarget	1	135608
542.656	0.8	NonTarget	1	135664
542.88	0.8	Target	2	135720
543.104	0.8	NonTarget	1	135776
543.332	0.8	NonTarget	1	135833
543.556	0.8	NonTarget	1	135889
543.784	0.8	NonTarget	1	135946
544.008	0.8	NonTarget	1	136002
544.232	0.8	NonTarget	1	136058
544.46	0.8	Target	2	136115
544.684	0.8	NonTarget	1	136171
544.908	0.8	NonTarget	1	136227
545.132	0.8	NonTarget	1	136283
545.356	0.8	NonTarget	1	136339
545.584	0.8	NonTarget	1	136396
545.812	0.8	NonTarget	1	136453
546.036	0.8	NonTarget	1	136509
546.26	0.8	Target	2	136565
546.484	0.8	NonTarget	1	136621
546.712	0.8	NonTarget	1	136678
546.936	0.8	NonTarget	1	136734
547.164	0.8	NonTarget	1	136791
547.388	0.8	NonTarget	1	136847
547.612	0.8	NonTarget	1	136903
547.84	0.8	NonTarget	1	136960
548.064	0.8	NonTarget	1	137016
548.292	0.8	NonTarget	1	137073
548.516	0.8	NonTarget	1	137129
548.74	0.8	NonTarget	1	137185
548.964	0.8	Target	2	137241
549.188	0.8	NonTarget	1	137297
549.416	0.8	NonTarget	1	137354
549.64	0.8	NonTarget	1	137410
549.868	0.8	NonTarget	1	137467
550.092	0.8	NonTarget	1	137523
550.316	0.8	Target	2	137579
550.544	0.8	NonTarget	1	137636
550.768	0.8	NonTarget	1	137692
550.996	0.8	NonTarget	1	137749
551.22	0.8	NonTarget	1	137805
551.444	0.8	NonTarget	1	137861
551.668	0.8	NonTarget	1	137917
551.896	0.8	NonTarget	1	137974
552.124	0.8	NonTarget	1	138031
552.348	0.8	Target	2	138087
552.572	0.8	NonTarget	1	138143
552.796	0.8	NonTarget	1	138199
553.02	0.8	NonTarget	1	138255
568.48	0.8	NonTarget	1	142120
568.708	0.8	NonTarget	1	142177
568.932	0.8	NonTarget	1	142233
569.16	0.8	NonTarget	1	142290
569.384	0.8	NonTarget	1	142346
569.608	0.8	NonTarget	1	142402
569.836	0.8	NonTarget	1	142459
570.06	0.8	Target	2	142515
570.284	0.8	NonTarget	1	142571
570.508	0.8	NonTarget	1	142627
570.736	0.8	NonTarget	1	142684
570.96	0.8	NonTarget	1	142740
571.184	0.8	NonTarget	1	142796
571.412	0.8	Target	2	142853
571.636	0.8	NonTarget	1	142909
571.86	0.8	NonTarget	1	142965
572.088	0.8	NonTarget	1	143022
572.312	0.8	NonTarget	1	143078
572.54	0.8	NonTarget	1	143135
572.764	0.8	NonTarget	1	143191
572.988	0.8	NonTarget	1	143247
573.212	0.8	NonTarget	1	143303
573.44	0.8	NonTarget	1	143360
573.664	0.8	NonTarget	1	143416
573.892	0.8	NonTarget	1	143473
574.116	0.8	NonTarget	1	143529
574.34	0.8	NonTarget	1	143585
574.568	0.8	Target	2	143642
574.792	0.8	NonTarget	1	143698
575.02	0.8	NonTarget	1	143755
575.244	0.8	NonTarget	1	143811
575.468	0.8	NonTarget	1	143867
575.696	0.8	NonTarget	1	143924
575.92	0.8	NonTarget	1	143980
576.144	0.8	NonTarget	1	144036
576.372	0.8	NonTarget	1	144093
576.596	0.8	Target	2	144149
576.82	0.8	NonTarget	1	144205
577.048	0.8	NonTarget	1	144262
577.272	0.8	NonTarget	1	144318
577.5	0.8	NonTarget	1	144375
577.724	0.8	NonTarget	1	144431
577.948	0.8	Target	2	144487
578.172	0.8	NonTarget	1	144543
578.4	0.8	NonTarget	1	144600
578.624	0.8	NonTarget	1	144656
578.852	0.8	NonTarget	1	144713
579.076	0.8	NonTarget	1	144769
579.3	0.8	NonTarget	1	144825
579.524	0.8	NonTarget	1	144881
579.752	0.8	NonTarget	1	144938
579.98	0.8	NonTarget	1	144995
580.204	0.8	NonTarget	1	145051
580.428	0.8	Target	2	145107
580.652	0.8	NonTarget	1	145163
580.88	0.8	NonTarget	1	145220
581.104	0.8	NonTarget	1	145276
581.332	0.8	NonTarget	1	145333
581.556	0.8	NonTarget	1	145389
581.78	0.8	NonTarget	1	145445
582.004	0.8	NonTarget	1	145501
582.228	0.8	NonTarget	1	145557
582.456	0.8	Target	2	145614
582.68	0.8	NonTarget	1	145670
582.908	0.8	NonTarget	1	145727
583.132	0.8	NonTarget	1	145783
583.356	0.8	NonTarget	1	145839
583.584	0.8	NonTarget	1	145896
583.808	0.8	NonTarget	1	145952
584.036	0.8	Target	2	146009
584.26	0.8	NonTarget	1	146065
584.484	0.8	NonTarget	1	146121
584.712	0.8	NonTarget	1	146178
584.936	0.8	NonTarget	1	146234
585.164	0.8	Target	2	146291
585.388	0.8	NonTarget	1	146347
585.612	0.8	NonTarget	1	146403
585.84	0.8	NonTarget	1	146460
586.064	0.8	NonTarget	1	146516
586.292	0.8	NonTarget	1	146573
586.516	0.8	NonTarget	1	146629
586.74	0.8	NonTarget	1	146685
586.968	0.8	NonTarget	1	146742
587.192	0.8	NonTarget	1	146798
587.42	0.8	NonTarget	1	146855
587.644	0.8	NonTarget	1	146911
587.868	0.8	NonTarget	1	146967
588.092	0.8	NonTarget	1	147023
588.316	0.8	NonTarget	1	147079
588.544	0.8	Target	2	147136
588.768	0.8	NonTarget	1	147192
588.996	0.8	NonTarget	1	147249
589.22	0.8	NonTarget	1	147305
589.444	0.8	Target	2	147361
589.668	0.8	NonTarget	1	147417
589.896	0.8	NonTarget	1	147474
590.124	0.8	NonTarget	1	147531
590.348	0.8	NonTarget	1	147587
590.576	0.8	NonTarget	1	147644
590.8	0.8	NonTarget	1	147700
591.024	0.8	NonTarget	1	147756
591.248	0.8	NonTarget	1	147812
591.476	0.8	NonTarget	1	147869
591.7	0.8	Target	2	147925
591.928	0.8	NonTarget	1	147982
592.152	0.8	NonTarget	1	148038
592.38	0.8	NonTarget	1	148095
592.604	0.8	NonTarget	1	148151
592.828	0.8	NonTarget	1	148207
612.12	0.8	NonTarget	1	153030
612.344	0.8	NonTarget	1	153086
612.568	0.8	NonTarget	1	153142
612.796	0.8	NonTarget	1	153199
613.02	0.8	Target	2	153255
613.248	0.8	NonTarget	1	153312
613.472	0.8	NonTarget	1	153368
613.7	0.8	NonTarget	1	153425
613.924	0.8	NonTarget	1	153481
614.148	0.8	NonTarget	1	153537
614.376	0.8	NonTarget	1	153594
614.6	0.8	NonTarget	1	153650
614.828	0.8	Target	2	153707
615.052	0.8	NonTarget	1	153763
615.276	0.8	NonTarget	1	153819
615.504	0.8	NonTarget	1	153876
615.728	0.8	NonTarget	1	153932
615.952	0.8	NonTarget	1	153988
616.176	0.8	NonTarget	1	154044
616.404	0.8	NonTarget	1	154101
616.628	0.8	NonTarget	1	154157
616.856	0.8	NonTarget	1	154214
617.08	0.8	NonTarget	1	154270
617.304	0.8	Target	2	154326
617.532	0.8	NonTarget	1	154383
617.756	0.8	NonTarget	1	154439
617.984	0.8	NonTarget	1	154496
618.208	0.8	NonTarget	1	154552
618.432	0.8	NonTarget	1	154608
618.66	0.8	NonTarget	1	154665
618.884	0.8	Target	2	154721
619.108	0.8	NonTarget	1	154777
619.336	0.8	NonTarget	1	154834
619.56	0.8	NonTarget	1	154890
619.788	0.8	NonTarget	1	154947
620.012	0.8	NonTarget	1	155003
620.24	0.8	NonTarget	1	155060
620.464	0.8	NonTarget	1	155116
620.688	0.8	NonTarget	1	155172
620.916	0.8	NonTarget	1	155229
621.14	0.8	NonTarget	1	155285
621.368	0.8	Target	2	155342
621.592	0.8	NonTarget	1	155398
621.816	0.8	NonTarget	1	155454
622.044	0.8	NonTarget	1	155511
622.268	0.8	NonTarget	1	155567
622.492	0.8	NonTarget	1	155623
622.72	0.8	NonTarget	1	155680
622.944	0.8	NonTarget	1	155736
623.168	0.8	Target	2	155792
623.392	0.8	NonTarget	1	155848
623.62	0.8	NonTarget	1	155905
623.844	0.8	NonTarget	1	155961
624.068	0.8	NonTarget	1	156017
624.296	0.8	NonTarget	1	156074
624.52	0.8	Target	2	156130
624.744	0.8	NonTarget	1	156186
624.972	0.8	NonTarget	1	156243
625.196	0.8	NonTarget	1	156299
625.424	0.8	NonTarget	1	156356
625.648	0.8	NonTarget	1	156412
625.872	0.8	NonTarget	1	156468
626.1	0.8	NonTarget	1	156525
626.324	0.8	NonTarget	1	156581
626.552	0.8	NonTarget	1	156638
626.776	0.8	NonTarget	1	156694
627.0	0.8	Target	2	156750
627.224	0.8	NonTarget	1	156806
627.452	0.8	NonTarget	1	156863
627.676	0.8	NonTarget	1	156919
627.9	0.8	NonTarget	1	156975
628.128	0.8	NonTarget	1	157032
628.352	0.8	NonTarget	1	157088
628.576	0.8	NonTarget	1	157144
628.8	0.8	NonTarget	1	157200
629.028	0.8	NonTarget	1	157257
629.256	0.8	NonTarget	1	157314
629.48	0.8	NonTarget	1	157370
629.704	0.8	NonTarget	1	157426
629.928	0.8	NonTarget	1	157482
630.156	0.8	Target	2	157539
630.38	0.8	NonTarget	1	157595
630.604	0.8	NonTarget	1	157651
630.832	0.8	NonTarget	1	157708
631.056	0.8	NonTarget	1	157764
631.284	0.8	NonTarget	1	157821
631.508	0.8	Target	2	157877
631.732	0.8	NonTarget	1	157933
631.96	0.8	NonTarget	1	157990
632.184	0.8	NonTarget	1	158046
632.412	0.8	NonTarget	1	158103
632.636	0.8	NonTarget	1	158159
632.86	0.8	NonTarget	1	158215
633.084	0.8	Target	2	158271
633.312	0.8	NonTarget	1	158328
633.536	0.8	NonTarget	1	158384
633.76	0.8	NonTarget	1	158440
633.988	0.8	NonTarget	1	158497
634.212	0.8	NonTarget	1	158553
634.436	0.8	NonTarget	1	158609
634.664	0.8	NonTarget	1	158666
634.888	0.8	NonTarget	1	158722
635.112	0.8	Target	2	158778
635.336	0.8	NonTarget	1	158834
635.564	0.8	NonTarget	1	158891
635.788	0.8	NonTarget	1	158947
636.016	0.8	NonTarget	1	159004
636.24	0.8	NonTarget	1	159060
636.464	0.8	NonTarget	1	159116
659.636	0.8	NonTarget	1	164909
659.864	0.8	NonTarget	1	164966
660.088	0.8	NonTarget	1	165022
660.312	0.8	Target	2	165078
660.54	0.8	NonTarget	1	165135
660.764	0.8	NonTarget	1	165191
660.992	0.8	NonTarget	1	165248
661.216	0.8	NonTarget	1	165304
661.44	0.8	NonTarget	1	165360
661.668	0.8	NonTarget	1	165417
661.892	0.8	NonTarget	1	165473
662.12	0.8	NonTarget	1	165530
662.344	0.8	NonTarget	1	165586
662.568	0.8	Target	2	165642
662.796	0.8	NonTarget	1	165699
663.02	0.8	NonTarget	1	165755
663.244	0.8	NonTarget	1	165811
663.468	0.8	NonTarget	1	165867
663.696	0.8	NonTarget	1	165924
663.92	0.8	NonTarget	1	165980
664.144	0.8	NonTarget	1	166036
664.372	0.8	NonTarget	1	166093
664.596	0.8	NonTarget	1	166149
664.824	0.8	NonTarget	1	166206
665.048	0.8	Target	2	166262
665.272	0.8	NonTarget	1	166318
665.5	0.8	NonTarget	1	166375
665.724	0.8	NonTarget	1	166431
665.952	0.8	NonTarget	1	166488
666.176	0.8	NonTarget	1	166544
666.404	0.8	NonTarget	1	166601
666.628	0.8	NonTarget	1	166657
666.852	0.8	NonTarget	1	166713
667.08	0.8	NonTarget	1	166770
667.304	0.8	NonTarget	1	166826
667.532	0.8	NonTarget	1	166883
667.756	0.8	Target	2	166939
667.98	0.8	NonTarget	1	166995
668.208	0.8	NonTarget	1	167052
668.432	0.8	NonTarget	1	167108
668.66	0.8	NonTarget	1	167165
668.884	0.8	Target	2	167221
669.108	0.8	NonTarget	1	167277
669.336	0.8	NonTarget	1	167334
669.56	0.8	NonTarget	1	167390
669.784	0.8	NonTarget	1	167446
670.008	0.8	NonTarget	1	167502
670.236	0.8	NonTarget	1	167559
670.46	0.8	NonTarget	1	167615
670.684	0.8	NonTarget	1	167671
670.912	0.8	Target	2	167728
671.136	0.8	NonTarget	1	167784
671.364	0.8	NonTarget	1	167841
671.588	0.8	NonTarget	1	167897
671.812	0.8	NonTarget	1	167953
672.04	0.8	Target	2	168010
672.264	0.8	NonTarget	1	168066
672.492	0.8	NonTarget	1	168123
672.716	0.8	NonTarget	1	168179
672.94	0.8	NonTarget	1	168235
673.168	0.8	NonTarget	1	168292
673.392	0.8	NonTarget	1	168348
673.62	0.8	NonTarget	1	168405
673.844	0.8	NonTarget	1	168461
674.072	0.8	NonTarget	1	168518
674.296	0.8	NonTarget	1	168574
674.52	0.8	NonTarget	1	168630
674.748	0.8	NonTarget	1	168687
674.972	0.8	NonTarget	1	168743
675.2	0.8	NonTarget	1	168800
675.424	0.8	NonTarget	1	168856
675.648	0.8	NonTarget	1	168912
675.876	0.8	Target	2	168969
676.1	0.8	NonTarget	1	169025
676.328	0.8	NonTarget	1	169082
676.552	0.8	NonTarget	1	169138
676.776	0.8	NonTarget	1	169194
677.004	0.8	NonTarget	1	169251
677.228	0.8	Target	2	169307
677.456	0.8	NonTarget	1	169364
677.68	0.8	NonTarget	1	169420
677.908	0.8	NonTarget	1	169477
678.132	0.8	NonTarget	1	169533
678.356	0.8	Target	2	169589
678.584	0.8	NonTarget	1	169646
678.808	0.8	NonTarget	1	169702
679.032	0.8	NonTarget	1	169758
679.26	0.8	NonTarget	1	169815
679.484	0.8	NonTarget	1	169871
679.712	0.8	NonTarget	1	169928
679.936	0.8	NonTarget	1	169984
680.16	0.8	NonTarget	1	170040
680.384	0.8	NonTarget	1	170096
680.612	0.8	Target	2	170153
680.836	0.8	NonTarget	1	170209
681.06	0.8	NonTarget	1	170265
681.288	0.8	NonTarget	1	170322
681.512	0.8	NonTarget	1	170378
681.736	0.8	NonTarget	1	170434
681.964	0.8	NonTarget	1	170491
682.188	0.8	Target	2	170547
682.416	0.8	NonTarget	1	170604
682.64	0.8	NonTarget	1	170660
682.864	0.8	NonTarget	1	170716
683.092	0.8	NonTarget	1	170773
683.316	0.8	NonTarget	1	170829
683.544	0.8	NonTarget	1	170886
683.768	0.8	NonTarget	1	170942
683.992	0.8	NonTarget	1	170998
700.88	0.8	NonTarget	1	175220
701.104	0.8	NonTarget	1	175276
701.328	0.8	Target	2	175332
701.552	0.8	NonTarget	1	175388
701.78	0.8	NonTarget	1	175445
702.004	0.8	NonTarget	1	175501
702.228	0.8	NonTarget	1	175557
702.456	0.8	NonTarget	1	175614
702.68	0.8	NonTarget	1	175670
702.908	0.8	NonTarget	1	175727
703.132	0.8	NonTarget	1	175783
703.356	0.8	Target	2	175839
703.584	0.8	NonTarget	1	175896
703.808	0.8	NonTarget	1	175952
704.032	0.8	NonTarget	1	176008
704.26	0.8	NonTarget	1	176065
704.484	0.8	NonTarget	1	176121
704.712	0.8	NonTarget	1	176178
704.936	0.8	NonTarget	1	176234
705.16	0.8	NonTarget	1	176290
705.388	0.8	NonTarget	1	176347
705.612	0.8	NonTarget	1	176403
705.836	0.8	NonTarget	1	176459
706.064	0.8	NonTarget	1	176516
706.288	0.8	NonTarget	1	176572
706.512	0.8	NonTarget	1	176628
706.74	0.8	Target	2	176685
706.964	0.8	NonTarget	1	176741
707.188	0.8	NonTarget	1	176797
707.416	0.8	NonTarget	1	176854
707.64	0.8	NonTarget	1	176910
707.868	0.8	Target	2	176967
708.092	0.8	NonTarget	1	177023
708.316	0.8	NonTarget	1	177079
708.54	0.8	NonTarget	1	177135
708.768	0.8	NonTarget	1	177192
708.992	0.8	NonTarget	1	177248
709.22	0.8	NonTarget	1	177305
709.444	0.8	NonTarget	1	177361
709.672	0.8	NonTarget	1	177418
709.896	0.8	NonTarget	1	177474
710.12	0.8	NonTarget	1	177530
710.348	0.8	Target	2	177587
710.572	0.8	NonTarget	1	177643
710.796	0.8	NonTarget	1	177699
711.024	0.8	NonTarget	1	177756
711.248	0.8	Target	2	177812
711.472	0.8	NonTarget	1	177868
711.7	0.8	NonTarget	1	177925
711.924	0.8	NonTarget	1	177981
712.148	0.8	NonTarget	1	178037
712.372	0.8	NonTarget	1	178093
712.6	0.8	NonTarget	1	178150
712.824	0.8	NonTarget	1	178206
713.052	0.8	NonTarget	1	178263
713.276	0.8	NonTarget	1	178319
713.5	0.8	NonTarget	1	178375
713.728	0.8	Target	2	178432
713.952	0.8	NonTarget	1	178488
714.176	0.8	NonTarget	1	178544
714.404	0.8	NonTarget	1	178601
714.628	0.8	NonTarget	1	178657
714.852	0.8	NonTarget	1	178713
715.08	0.8	NonTarget	1	178770
715.304	0.8	NonTarget	1	178826
715.532	0.8	NonTarget	1	178883
715.756	0.8	NonTarget	1	178939
715.98	0.8	NonTarget	1	178995
716.208	0.8	NonTarget	1	179052
716.432	0.8	NonTarget	1	179108
716.66	0.8	NonTarget	1	179165
716.884	0.8	NonTarget	1	179221
717.112	0.8	Target	2	179278
717.336	0.8	NonTarget	1	179334
717.56	0.8	NonTarget	1	179390
717.788	0.8	NonTarget	1	179447
718.012	0.8	NonTarget	1	179503
718.236	0.8	NonTarget	1	179559
718.46	0.8	NonTarget	1	179615
718.684	0.8	Target	2	179671
718.912	0.8	NonTarget	1	179728
719.136	0.8	NonTarget	1	179784
719.364	0.8	NonTarget	1	179841
719.588	0.8	NonTarget	1	179897
719.812	0.8	NonTarget	1	179953
720.04	0.8	NonTarget	1	180010
720.264	0.8	NonTarget	1	180066
720.492	0.8	NonTarget	1	180123
720.716	0.8	Target	2	180179
720.94	0.8	NonTarget	1	180235
721.168	0.8	NonTarget	1	180292
721.392	0.8	NonTarget	1	180348
721.62	0.8	NonTarget	1	180405
721.844	0.8	NonTarget	1	180461
722.068	0.8	NonTarget	1	180517
722.296	0.8	Target	2	180574
722.52	0.8	NonTarget	1	180630
722.748	0.8	NonTarget	1	180687
722.972	0.8	NonTarget	1	180743
723.196	0.8	NonTarget	1	180799
723.424	0.8	NonTarget	1	180856
723.648	0.8	NonTarget	1	180912
723.876	0.8	NonTarget	1	180969
724.1	0.8	NonTarget	1	181025
724.324	0.8	Target	2	181081
724.548	0.8	NonTarget	1	181137
724.776	0.8	NonTarget	1	181194
725.0	0.8	NonTarget	1	181250
725.224	0.8	NonTarget	1	181306
744.424	0.8	NonTarget	1	186106
744.652	0.8	NonTarget	1	186163
744.876	0.8	NonTarget	1	186219
745.1	0.8	NonTarget	1	186275
745.328	0.8	NonTarget	1	186332
745.552	0.8	NonTarget	1	186388
745.776	0.8	NonTarget	1	186444
746.0	0.8	NonTarget	1	186500
746.228	0.8	Target	2	186557
746.452	0.8	NonTarget	1	186613
746.676	0.8	NonTarget	1	186669
746.904	0.8	NonTarget	1	186726
747.128	0.8	Target	2	186782
747.352	0.8	NonTarget	1	186838
747.58	0.8	NonTarget	1	186895
747.804	0.8	NonTarget	1	186951
748.032	0.8	NonTarget	1	187008
748.256	0.8	NonTarget	1	187064
748.48	0.8	NonTarget	1	187120
748.704	0.8	NonTarget	1	187176
748.932	0.8	NonTarget	1	187233
749.156	0.8	Target	2	187289
749.384	0.8	NonTarget	1	187346
749.608	0.8	NonTarget	1	187402
749.832	0.8	NonTarget	1	187458
750.06	0.8	NonTarget	1	187515
750.284	0.8	NonTarget	1	187571
750.512	0.8	NonTarget	1	187628
750.736	0.8	NonTarget	1	187684
750.96	0.8	NonTarget	1	187740
751.188	0.8	Target	2	187797
751.412	0.8	NonTarget	1	187853
751.636	0.8	NonTarget	1	187909
751.864	0.8	NonTarget	1	187966
752.088	0.8	NonTarget	1	188022
752.312	0.8	NonTarget	1	188078
752.536	0.8	NonTarget	1	188134
752.764	0.8	Target	2	188191
752.988	0.8	NonTarget	1	188247
753.212	0.8	NonTarget	1	188303
753.44	0.8	NonTarget	1	188360
753.664	0.8	NonTarget	1	188416
753.888	0.8	NonTarget	1	188472
754.116	0.8	NonTarget	1	188529
754.34	0.8	NonTarget	1	188585
754.568	0.8	NonTarget	1	188642
754.792	0.8	NonTarget	1	188698
755.016	0.8	NonTarget	1	188754
755.244	0.8	NonTarget	1	188811
755.468	0.8	NonTarget	1	188867
755.696	0.8	Target	2	188924
755.92	0.8	NonTarget	1	188980
756.144	0.8	NonTarget	1	189036
756.368	0.8	NonTarget	1	189092
756.596	0.8	NonTarget	1	189149
756.82	0.8	NonTarget	1	189205
757.044	0.8	NonTarget	1	189261
757.272	0.8	NonTarget	1	189318
757.496	0.8	NonTarget	1	189374
757.72	0.8	Target	2	189430
757.948	0.8	NonTarget	1	189487
758.172	0.8	NonTarget	1	189543
758.396	0.8	NonTarget	1	189599
758.62	0.8	NonTarget	1	189655
758.848	0.8	NonTarget	1	189712
759.072	0.8	NonTarget	1	189768
759.296	0.8	NonTarget	1	189824
759.524	0.8	NonTarget	1	189881
759.748	0.8	Target	2	189937
759.972	0.8	NonTarget	1	189993
760.2	0.8	NonTarget	1	190050
760.424	0.8	NonTarget	1	190106
760.652	0.8	NonTarget	1	190163
760.876	0.8	Target	2	190219
761.1	0.8	NonTarget	1	190275
761.328	0.8	NonTarget	1	190332
761.552	0.8	NonTarget	1	190388
761.78	0.8	NonTarget	1	190445
762.004	0.8	NonTarget	1	190501
762.228	0.8	NonTarget	1	190557
762.452	0.8	NonTarget	1	190613
762.676	0.8	NonTarget	1	190669
762.904	0.8	NonTarget	1	190726
763.128	0.8	NonTarget	1	190782
763.356	0.8	NonTarget	1	190839
763.58	0.8	NonTarget	1	190895
763.804	0.8	NonTarget	1	190951
764.032	0.8	Target	2	191008
764.256	0.8	NonTarget	1	191064
764.484	0.8	NonTarget	1	191121
764.708	0.8	NonTarget	1	191177
764.932	0.8	NonTarget	1	191233
765.16	0.8	NonTarget	1	191290
765.384	0.8	Target	2	191346
765.612	0.8	NonTarget	1	191403
765.836	0.8	NonTarget	1	191459
766.06	0.8	NonTarget	1	191515
766.288	0.8	NonTarget	1	191572
766.512	0.8	NonTarget	1	191628
766.74	0.8	NonTarget	1	191685
766.964	0.8	NonTarget	1	191741
767.188	0.8	NonTarget	1	191797
767.416	0.8	Target	2	191854
767.64	0.8	NonTarget	1	191910
767.868	0.8	NonTarget	1	191967
768.092	0.8	NonTarget	1	192023
768.32	0.8	NonTarget	1	192080
768.544	0.8	NonTarget	1	192136
768.768	0.8	NonTarget	1	192192
784.616	0.8	NonTarget	1	196154
784.84	0.8	NonTarget	1	196210
785.064	0.8	NonTarget	1	196266
785.288	0.8	NonTarget	1	196322
785.516	0.8	NonTarget	1	196379
785.744	0.8	NonTarget	1	196436
785.968	0.8	NonTarget	1	196492
786.192	0.8	Target	2	196548
786.416	0.8	NonTarget	1	196604
786.644	0.8	NonTarget	1	196661
786.868	0.8	NonTarget	1	196717
787.096	0.8	NonTarget	1	196774
787.32	0.8	NonTarget	1	196830
787.548	0.8	NonTarget	1	196887
787.772	0.8	NonTarget	1	196943
787.996	0.8	NonTarget	1	196999
788.224	0.8	Target	2	197056
788.448	0.8	NonTarget	1	197112
788.672	0.8	NonTarget	1	197168
788.9	0.8	NonTarget	1	197225
789.124	0.8	NonTarget	1	197281
789.348	0.8	NonTarget	1	197337
789.572	0.8	NonTarget	1	197393
789.8	0.8	NonTarget	1	197450
790.024	0.8	NonTarget	1	197506
790.252	0.8	NonTarget	1	197563
790.476	0.8	Target	2	197619
790.7	0.8	NonTarget	1	197675
790.928	0.8	NonTarget	1	197732
791.152	0.8	NonTarget	1	197788
791.376	0.8	NonTarget	1	197844
791.604	0.8	NonTarget	1	197901
791.828	0.8	NonTarget	1	197957
792.052	0.8	NonTarget	1	198013
792.28	0.8	NonTarget	1	198070
792.504	0.8	NonTarget	1	198126
792.732	0.8	Target	2	198183
792.956	0.8	NonTarget	1	198239
793.18	0.8	NonTarget	1	198295
793.408	0.8	NonTarget	1	198352
793.632	0.8	NonTarget	1	198408
793.86	0.8	Target	2	198465
794.084	0.8	NonTarget	1	198521
794.308	0.8	NonTarget	1	198577
794.532	0.8	NonTarget	1	198633
794.76	0.8	NonTarget	1	198690
794.984	0.8	NonTarget	1	198746
795.208	0.8	NonTarget	1	198802
795.432	0.8	NonTarget	1	198858
795.66	0.8	NonTarget	1	198915
795.884	0.8	NonTarget	1	198971
796.112	0.8	NonTarget	1	199028
796.336	0.8	Target	2	199084
796.564	0.8	NonTarget	1	199141
796.788	0.8	NonTarget	1	199197
797.012	0.8	NonTarget	1	199253
797.24	0.8	Target	2	199310
797.464	0.8	NonTarget	1	199366
797.692	0.8	NonTarget	1	199423
797.916	0.8	NonTarget	1	199479
798.14	0.8	NonTarget	1	199535
798.368	0.8	NonTarget	1	199592
798.592	0.8	NonTarget	1	199648
798.82	0.8	NonTarget	1	199705
799.044	0.8	NonTarget	1	199761
799.268	0.8	NonTarget	1	199817
799.492	0.8	NonTarget	1	199873
799.716	0.8	Target	2	199929
799.944	0.8	NonTarget	1	199986
800.168	0.8	NonTarget	1	200042
800.392	0.8	NonTarget	1	200098
800.62	0.8	NonTarget	1	200155
800.844	0.8	NonTarget	1	200211
801.072	0.8	NonTarget	1	200268
801.296	0.8	NonTarget	1	200324
801.52	0.8	NonTarget	1	200380
801.744	0.8	NonTarget	1	200436
801.972	0.8	Target	2	200493
802.196	0.8	NonTarget	1	200549
802.42	0.8	NonTarget	1	200605
802.648	0.8	NonTarget	1	200662
802.872	0.8	NonTarget	1	200718
803.096	0.8	Target	2	200774
803.324	0.8	NonTarget	1	200831
803.548	0.8	NonTarget	1	200887
803.772	0.8	NonTarget	1	200943
804.0	0.8	NonTarget	1	201000
804.224	0.8	NonTarget	1	201056
804.448	0.8	NonTarget	1	201112
804.672	0.8	NonTarget	1	201168
804.9	0.8	NonTarget	1	201225
805.124	0.8	NonTarget	1	201281
805.348	0.8	NonTarget	1	201337
805.576	0.8	Target	2	201394
805.8	0.8	NonTarget	1	201450
806.028	0.8	NonTarget	1	201507
806.252	0.8	NonTarget	1	201563
806.476	0.8	NonTarget	1	201619
806.7	0.8	NonTarget	1	201675
806.924	0.8	NonTarget	1	201731
807.152	0.8	NonTarget	1	201788
807.376	0.8	Target	2	201844
807.604	0.8	NonTarget	1	201901
807.828	0.8	NonTarget	1	201957
808.052	0.8	NonTarget	1	202013
808.276	0.8	NonTarget	1	202069
808.5	0.8	NonTarget	1	202125
808.728	0.8	NonTarget	1	202182
808.952	0.8	NonTarget	1	202238
830.252	0.8	NonTarget	1	207563
830.48	0.8	Target	2	207620
830.704	0.8	NonTarget	1	207676
830.928	0.8	NonTarget	1	207732
831.156	0.8	NonTarget	1	207789
831.38	0.8	NonTarget	1	207845
831.608	0.8	NonTarget	1	207902
831.832	0.8	NonTarget	1	207958
832.056	0.8	NonTarget	1	208014
832.284	0.8	NonTarget	1	208071
832.508	0.8	NonTarget	1	208127
832.736	0.8	NonTarget	1	208184
832.96	0.8	NonTarget	1	208240
833.188	0.8	NonTarget	1	208297
833.412	0.8	Target	2	208353
833.636	0.8	NonTarget	1	208409
833.864	0.8	NonTarget	1	208466
834.088	0.8	NonTarget	1	208522
834.316	0.8	NonTarget	1	208579
834.54	0.8	NonTarget	1	208635
834.764	0.8	NonTarget	1	208691
834.992	0.8	NonTarget	1	208748
835.216	0.8	NonTarget	1	208804
835.44	0.8	Target	2	208860
835.668	0.8	NonTarget	1	208917
835.892	0.8	NonTarget	1	208973
836.12	0.8	NonTarget	1	209030
836.344	0.8	NonTarget	1	209086
836.568	0.8	NonTarget	1	209142
836.792	0.8	NonTarget	1	209198
837.02	0.8	NonTarget	1	209255
837.244	0.8	NonTarget	1	209311
837.468	0.8	NonTarget	1	209367
837.696	0.8	NonTarget	1	209424
837.92	0.8	NonTarget	1	209480
838.144	0.8	NonTarget	1	209536
838.372	0.8	Target	2	209593
838.596	0.8	NonTarget	1	209649
838.824	0.8	NonTarget	1	209706
839.048	0.8	NonTarget	1	209762
839.272	0.8	NonTarget	1	209818
839.5	0.8	NonTarget	1	209875
839.724	0.8	NonTarget	1	209931
839.952	0.8	Target	2	209988
840.176	0.8	NonTarget	1	210044
840.4	0.8	NonTarget	1	210100
840.628	0.8	NonTarget	1	210157
840.852	0.8	NonTarget	1	210213
841.08	0.8	NonTarget	1	210270
841.304	0.8	NonTarget	1	210326
841.532	0.8	NonTarget	1	210383
841.756	0.8	NonTarget	1	210439
841.98	0.8	NonTarget	1	210495
842.208	0.8	Target	2	210552
842.432	0.8	NonTarget	1	210608
842.656	0.8	NonTarget	1	210664
842.88	0.8	NonTarget	1	210720
843.108	0.8	NonTarget	1	210777
843.332	0.8	NonTarget	1	210833
843.556	0.8	NonTarget	1	210889
843.784	0.8	NonTarget	1	210946
844.008	0.8	Target	2	211002
844.236	0.8	NonTarget	1	211059
844.46	0.8	NonTarget	1	211115
844.684	0.8	NonTarget	1	211171
844.912	0.8	NonTarget	1	211228
845.136	0.8	NonTarget	1	211284
845.36	0.8	NonTarget	1	211340
845.584	0.8	NonTarget	1	211396
845.812	0.8	Target	2	211453
846.036	0.8	NonTarget	1	211509
846.26	0.8	NonTarget	1	211565
846.488	0.8	NonTarget	1	211622
846.712	0.8	NonTarget	1	211678
846.94	0.8	NonTarget	1	211735
847.164	0.8	Target	2	211791
847.388	0.8	NonTarget	1	211847
847.612	0.8	NonTarget	1	211903
847.84	0.8	NonTarget	1	211960
848.064	0.8	NonTarget	1	212016
848.288	0.8	NonTarget	1	212072
848.516	0.8	NonTarget	1	212129
848.74	0.8	NonTarget	1	212185
848.964	0.8	NonTarget	1	212241
849.192	0.8	Target	2	212298
849.416	0.8	NonTarget	1	212354
849.64	0.8	NonTarget	1	212410
849.868	0.8	NonTarget	1	212467
850.092	0.8	NonTarget	1	212523
850.32	0.8	NonTarget	1	212580
850.544	0.8	NonTarget	1	212636
850.768	0.8	NonTarget	1	212692
850.992	0.8	Target	2	212748
851.22	0.8	NonTarget	1	212805
851.444	0.8	NonTarget	1	212861
851.672	0.8	NonTarget	1	212918
851.896	0.8	NonTarget	1	212974
852.12	0.8	NonTarget	1	213030
852.348	0.8	NonTarget	1	213087
852.572	0.8	NonTarget	1	213143
852.8	0.8	NonTarget	1	213200
853.024	0.8	NonTarget	1	213256
853.248	0.8	Target	2	213312
853.472	0.8	NonTarget	1	213368
853.7	0.8	NonTarget	1	213425
853.924	0.8	NonTarget	1	213481
854.152	0.8	NonTarget	1	213538
854.376	0.8	NonTarget	1	213594
854.6	0.8	NonTarget	1	213650
884.548	0.8	NonTarget	1	221137
884.772	0.8	NonTarget	1	221193
885.0	0.8	NonTarget	1	221250
885.224	0.8	NonTarget	1	221306
885.448	0.8	NonTarget	1	221362
885.672	0.8	NonTarget	1	221418
885.9	0.8	NonTarget	1	221475
886.124	0.8	NonTarget	1	221531
886.352	0.8	Target	2	221588
886.576	0.8	NonTarget	1	221644
886.8	0.8	Target	2	221700
887.024	0.8	NonTarget	1	221756
887.252	0.8	NonTarget	1	221813
887.476	0.8	NonTarget	1	221869
887.704	0.8	NonTarget	1	221926
887.928	0.8	NonTarget	1	221982
888.152	0.8	NonTarget	1	222038
888.38	0.8	NonTarget	1	222095
888.604	0.8	NonTarget	1	222151
888.832	0.8	NonTarget	1	222208
889.056	0.8	NonTarget	1	222264
889.28	0.8	Target	2	222320
889.504	0.8	NonTarget	1	222376
889.732	0.8	NonTarget	1	222433
889.956	0.8	NonTarget	1	222489
890.184	0.8	NonTarget	1	222546
890.408	0.8	NonTarget	1	222602
890.632	0.8	NonTarget	1	222658
890.86	0.8	NonTarget	1	222715
891.084	0.8	Target	2	222771
891.312	0.8	NonTarget	1	222828
891.536	0.8	NonTarget	1	222884
891.76	0.8	NonTarget	1	222940
891.984	0.8	NonTarget	1	222996
892.212	0.8	NonTarget	1	223053
892.436	0.8	NonTarget	1	223109
892.66	0.8	NonTarget	1	223165
892.888	0.8	NonTarget	1	223222
893.112	0.8	NonTarget	1	223278
893.336	0.8	Target	2	223334
893.564	0.8	NonTarget	1	223391
893.788	0.8	NonTarget	1	223447
894.012	0.8	NonTarget	1	223503
894.236	0.8	NonTarget	1	223559
894.464	0.8	NonTarget	1	223616
894.688	0.8	NonTarget	1	223672
894.912	0.8	NonTarget	1	223728
895.14	0.8	NonTarget	1	223785
895.364	0.8	NonTarget	1	223841
895.588	0.8	NonTarget	1	223897
895.816	0.8	NonTarget	1	223954
896.04	0.8	NonTarget	1	224010
896.268	0.8	NonTarget	1	224067
896.492	0.8	NonTarget	1	224123
896.716	0.8	Target	2	224179
896.94	0.8	NonTarget	1	224235
897.168	0.8	NonTarget	1	224292
897.392	0.8	NonTarget	1	224348
897.616	0.8	NonTarget	1	224404
897.844	0.8	Target	2	224461
898.068	0.8	NonTarget	1	224517
898.292	0.8	NonTarget	1	224573
898.52	0.8	NonTarget	1	224630
898.744	0.8	NonTarget	1	224686
898.972	0.8	Target	2	224743
899.196	0.8	NonTarget	1	224799
899.42	0.8	NonTarget	1	224855
899.644	0.8	NonTarget	1	224911
899.872	0.8	NonTarget	1	224968
900.096	0.8	NonTarget	1	225024
900.324	0.8	NonTarget	1	225081
900.548	0.8	NonTarget	1	225137
900.776	0.8	NonTarget	1	225194
901.0	0.8	NonTarget	1	225250
901.224	0.8	NonTarget	1	225306
901.452	0.8	NonTarget	1	225363
901.676	0.8	NonTarget	1	225419
901.904	0.8	NonTarget	1	225476
902.128	0.8	NonTarget	1	225532
902.356	0.8	Target	2	225589
902.58	0.8	NonTarget	1	225645
902.804	0.8	NonTarget	1	225701
903.032	0.8	NonTarget	1	225758
903.256	0.8	NonTarget	1	225814
903.48	0.8	NonTarget	1	225870
903.708	0.8	Target	2	225927
903.932	0.8	NonTarget	1	225983
904.16	0.8	NonTarget	1	226040
904.384	0.8	NonTarget	1	226096
904.608	0.8	NonTarget	1	226152
904.836	0.8	NonTarget	1	226209
905.06	0.8	NonTarget	1	226265
905.284	0.8	NonTarget	1	226321
905.512	0.8	NonTarget	1	226378
905.736	0.8	NonTarget	1	226434
905.964	0.8	NonTarget	1	226491
906.188	0.8	NonTarget	1	226547
906.416	0.8	Target	2	226604
906.64	0.8	NonTarget	1	226660
906.864	0.8	NonTarget	1	226716
907.092	0.8	Target	2	226773
907.316	0.8	NonTarget	1	226829
907.54	0.8	NonTarget	1	226885
907.768	0.8	NonTarget	1	226942
907.992	0.8	NonTarget	1	226998
908.22	0.8	NonTarget	1	227055
908.444	0.8	NonTarget	1	227111
908.668	0.8	NonTarget	1	227167
908.896	0.8	NonTarget	1	227224
931.812	0.8	NonTarget	1	232953
932.036	0.8	NonTarget	1	233009
932.264	0.8	Target	2	233066
932.488	0.8	NonTarget	1	233122
932.712	0.8	NonTarget	1	233178
932.94	0.8	NonTarget	1	233235
933.164	0.8	NonTarget	1	233291
933.392	0.8	NonTarget	1	233348
933.616	0.8	NonTarget	1	233404
933.844	0.8	NonTarget	1	233461
934.068	0.8	NonTarget	1	233517
934.292	0.8	NonTarget	1	233573
934.52	0.8	NonTarget	1	233630
934.744	0.8	NonTarget	1	233686
934.972	0.8	NonTarget	1	233743
935.196	0.8	NonTarget	1	233799
935.42	0.8	Target	2	233855
935.648	0.8	NonTarget	1	233912
935.872	0.8	NonTarget	1	233968
936.096	0.8	NonTarget	1	234024
936.32	0.8	NonTarget	1	234080
936.548	0.8	NonTarget	1	234137
936.772	0.8	Target	2	234193
936.996	0.8	NonTarget	1	234249
937.224	0.8	NonTarget	1	234306
937.448	0.8	NonTarget	1	234362
937.672	0.8	NonTarget	1	234418
937.9	0.8	NonTarget	1	234475
938.124	0.8	NonTarget	1	234531
938.352	0.8	NonTarget	1	234588
938.576	0.8	NonTarget	1	234644
938.8	0.8	NonTarget	1	234700
939.028	0.8	NonTarget	1	234757
939.252	0.8	NonTarget	1	234813
939.476	0.8	NonTarget	1	234869
939.704	0.8	Target	2	234926
939.928	0.8	NonTarget	1	234982
940.156	0.8	NonTarget	1	235039
940.38	0.8	NonTarget	1	235095
940.604	0.8	NonTarget	1	235151
940.832	0.8	NonTarget	1	235208
941.056	0.8	NonTarget	1	235264
941.28	0.8	NonTarget	1	235320
941.508	0.8	NonTarget	1	235377
941.732	0.8	Target	2	235433
941.956	0.8	NonTarget	1	235489
942.18	0.8	NonTarget	1	235545
942.408	0.8	NonTarget	1	235602
942.632	0.8	NonTarget	1	235658
942.86	0.8	Target	2	235715
943.084	0.8	NonTarget	1	235771
943.308	0.8	NonTarget	1	235827
943.536	0.8	NonTarget	1	235884
943.76	0.8	NonTarget	1	235940
943.988	0.8	NonTarget	1	235997
944.212	0.8	NonTarget	1	236053
944.436	0.8	NonTarget	1	236109
944.664	0.8	NonTarget	1	236166
944.888	0.8	NonTarget	1	236222
945.116	0.8	NonTarget	1	236279
945.34	0.8	Target	2	236335
945.564	0.8	NonTarget	1	236391
945.792	0.8	NonTarget	1	236448
946.016	0.8	NonTarget	1	236504
946.244	0.8	NonTarget	1	236561
946.468	0.8	NonTarget	1	236617
946.692	0.8	Target	2	236673
946.92	0.8	NonTarget	1	236730
947.144	0.8	NonTarget	1	236786
947.372	0.8	NonTarget	1	236843
947.596	0.8	NonTarget	1	236899
947.82	0.8	NonTarget	1	236955
948.048	0.8	NonTarget	1	237012
948.272	0.8	NonTarget	1	237068
948.496	0.8	NonTarget	1	237124
948.724	0.8	Target	2	237181
948.948	0.8	NonTarget	1	237237
949.176	0.8	NonTarget	1	237294
949.4	0.8	NonTarget	1	237350
949.624	0.8	NonTarget	1	237406
949.852	0.8	NonTarget	1	237463
950.076	0.8	NonTarget	1	237519
950.304	0.8	NonTarget	1	237576
950.528	0.8	Target	2	237632
950.752	0.8	NonTarget	1	237688
950.98	0.8	NonTarget	1	237745
951.204	0.8	NonTarget	1	237801
951.432	0.8	NonTarget	1	237858
951.656	0.8	NonTarget	1	237914
951.88	0.8	NonTarget	1	237970
952.104	0.8	NonTarget	1	238026
952.332	0.8	NonTarget	1	238083
952.556	0.8	NonTarget	1	238139
952.78	0.8	NonTarget	1	238195
953.008	0.8	NonTarget	1	238252
953.232	0.8	Target	2	238308
953.46	0.8	NonTarget	1	238365
953.684	0.8	NonTarget	1	238421
953.908	0.8	NonTarget	1	238477
954.136	0.8	NonTarget	1	238534
954.36	0.8	NonTarget	1	238590
954.584	0.8	NonTarget	1	238646
954.812	0.8	NonTarget	1	238703
955.036	0.8	Target	2	238759
955.26	0.8	NonTarget	1	238815
955.484	0.8	NonTarget	1	238871
955.712	0.8	NonTarget	1	238928
955.936	0.8	NonTarget	1	238984
956.164	0.8	NonTarget	1	239041
972.56	0.8	NonTarget	1	243140
972.788	0.8	NonTarget	1	243197
973.012	0.8	Target	2	243253
973.236	0.8	NonTarget	1	243309
973.464	0.8	NonTarget	1	243366
973.688	0.8	NonTarget	1	243422
973.916	0.8	NonTarget	1	243479
974.14	0.8	NonTarget	1	243535
974.364	0.8	NonTarget	1	243591
974.592	0.8	NonTarget	1	243648
974.816	0.8	NonTarget	1	243704
975.04	0.8	NonTarget	1	243760
975.264	0.8	NonTarget	1	243816
975.488	0.8	NonTarget	1	243872
975.716	0.8	NonTarget	1	243929
975.94	0.8	NonTarget	1	243985
976.168	0.8	Target	2	244042
976.392	0.8	NonTarget	1	244098
976.62	0.8	NonTarget	1	244155
976.844	0.8	NonTarget	1	244211
977.068	0.8	NonTarget	1	244267
977.296	0.8	NonTarget	1	244324
977.52	0.8	NonTarget	1	244380
977.744	0.8	NonTarget	1	244436
977.972	0.8	NonTarget	1	244493
978.196	0.8	NonTarget	1	244549
978.424	0.8	NonTarget	1	244606
978.648	0.8	Target	2	244662
978.872	0.8	NonTarget	1	244718
979.1	0.8	NonTarget	1	244775
979.324	0.8	NonTarget	1	244831
979.552	0.8	NonTarget	1	244888
979.776	0.8	NonTarget	1	244944
980.0	0.8	NonTarget	1	245000
980.224	0.8	NonTarget	1	245056
980.452	0.8	Target	2	245113
980.676	0.8	NonTarget	1	245169
980.9	0.8	NonTarget	1	245225
981.128	0.8	NonTarget	1	245282
981.352	0.8	NonTarget	1	245338
981.576	0.8	NonTarget	1	245394
981.804	0.8	NonTarget	1	245451
982.028	0.8	NonTarget	1	245507
982.256	0.8	NonTarget	1	245564
982.48	0.8	Target	2	245620
982.704	0.8	NonTarget	1	245676
982.928	0.8	NonTarget	1	245732
983.156	0.8	NonTarget	1	245789
983.38	0.8	NonTarget	1	245845
983.608	0.8	NonTarget	1	245902
983.832	0.8	Target	2	245958
984.06	0.8	NonTarget	1	246015
984.284	0.8	NonTarget	1	246071
984.508	0.8	NonTarget	1	246127
984.736	0.8	NonTarget	1	246184
984.96	0.8	NonTarget	1	246240
985.184	0.8	NonTarget	1	246296
985.412	0.8	NonTarget	1	246353
985.636	0.8	NonTarget	1	246409
985.86	0.8	Target	2	246465
986.084	0.8	NonTarget	1	246521
986.312	0.8	NonTarget	1	246578
986.536	0.8	NonTarget	1	246634
986.76	0.8	NonTarget	1	246690
986.988	0.8	NonTarget	1	246747
987.212	0.8	Target	2	246803
987.44	0.8	NonTarget	1	246860
987.664	0.8	NonTarget	1	246916
987.888	0.8	NonTarget	1	246972
988.116	0.8	NonTarget	1	247029
988.34	0.8	NonTarget	1	247085
988.564	0.8	NonTarget	1	247141
988.792	0.8	NonTarget	1	247198
989.016	0.8	NonTarget	1	247254
989.244	0.8	NonTarget	1	247311
989.468	0.8	NonTarget	1	247367
989.692	0.8	NonTarget	1	247423
989.92	0.8	NonTarget	1	247480
990.144	0.8	NonTarget	1	247536
990.372	0.8	NonTarget	1	247593
990.596	0.8	NonTarget	1	247649
990.82	0.8	Target	2	247705
991.044	0.8	NonTarget	1	247761
991.272	0.8	NonTarget	1	247818
991.496	0.8	NonTarget	1	247874
991.72	0.8	NonTarget	1	247930
991.944	0.8	NonTarget	1	247986
992.172	0.8	Target	2	248043
992.396	0.8	NonTarget	1	248099
992.624	0.8	NonTarget	1	248156
992.848	0.8	NonTarget	1	248212
993.072	0.8	NonTarget	1	248268
993.3	0.8	NonTarget	1	248325
993.524	0.8	NonTarget	1	248381
993.752	0.8	NonTarget	1	248438
993.976	0.8	NonTarget	1	248494
994.204	0.8	NonTarget	1	248551
994.428	0.8	NonTarget	1	248607
994.652	0.8	Target	2	248663
994.88	0.8	NonTarget	1	248720
995.104	0.8	NonTarget	1	248776
995.332	0.8	NonTarget	1	248833
995.556	0.8	NonTarget	1	248889
995.78	0.8	NonTarget	1	248945
996.004	0.8	NonTarget	1	249001
996.228	0.8	NonTarget	1	249057
996.456	0.8	NonTarget	1	249114
996.68	0.8	NonTarget	1	249170
996.904	0.8	Target	2	249226
1014.476	0.8	NonTarget	1	253619
1014.7	0.8	NonTarget	1	253675
1014.928	0.8	NonTarget	1	253732
1015.152	0.8	NonTarget	1	253788
1015.38	0.8	NonTarget	1	253845
1015.604	0.8	NonTarget	1	253901
1015.828	0.8	NonTarget	1	253957
1016.056	0.8	NonTarget	1	254014
1016.28	0.8	Target	2	254070
1016.508	0.8	NonTarget	1	254127
1016.732	0.8	NonTarget	1	254183
1016.956	0.8	NonTarget	1	254239
1017.18	0.8	NonTarget	1	254295
1017.408	0.8	Target	2	254352
1017.632	0.8	NonTarget	1	254408
1017.856	0.8	NonTarget	1	254464
1018.084	0.8	NonTarget	1	254521
1018.308	0.8	NonTarget	1	254577
1018.532	0.8	NonTarget	1	254633
1018.76	0.8	NonTarget	1	254690
1018.984	0.8	NonTarget	1	254746
1019.208	0.8	NonTarget	1	254802
1019.432	0.8	Target	2	254858
1019.66	0.8	NonTarget	1	254915
1019.884	0.8	NonTarget	1	254971
1020.108	0.8	NonTarget	1	255027
1020.336	0.8	NonTarget	1	255084
1020.56	0.8	NonTarget	1	255140
1020.788	0.8	NonTarget	1	255197
1021.012	0.8	NonTarget	1	255253
1021.236	0.8	NonTarget	1	255309
1021.464	0.8	NonTarget	1	255366
1021.688	0.8	NonTarget	1	255422
1021.916	0.8	NonTarget	1	255479
1022.14	0.8	Target	2	255535
1022.368	0.8	NonTarget	1	255592
1022.592	0.8	NonTarget	1	255648
1022.816	0.8	NonTarget	1	255704
1023.044	0.8	NonTarget	1	255761
1023.268	0.8	NonTarget	1	255817
1023.496	0.8	NonTarget	1	255874
1023.72	0.8	NonTarget	1	255930
1023.944	0.8	Target	2	255986
1024.168	0.8	NonTarget	1	256042
1024.396	0.8	NonTarget	1	256099
1024.62	0.8	NonTarget	1	256155
1024.844	0.8	NonTarget	1	256211
1025.072	0.8	NonTarget	1	256268
1025.296	0.8	NonTarget	1	256324
1025.524	0.8	NonTarget	1	256381
1025.748	0.8	NonTarget	1	256437
1025.976	0.8	NonTarget	1	256494
1026.2	0.8	NonTarget	1	256550
1026.424	0.8	NonTarget	1	256606
1026.652	0.8	Target	2	256663
1026.876	0.8	NonTarget	1	256719
1027.104	0.8	NonTarget	1	256776
1027.328	0.8	NonTarget	1	256832
1027.556	0.8	NonTarget	1	256889
1027.78	0.8	NonTarget	1	256945
1028.004	0.8	NonTarget	1	257001
1028.232	0.8	NonTarget	1	257058
1028.456	0.8	NonTarget	1	257114
1028.68	0.8	Target	2	257170
1028.908	0.8	NonTarget	1	257227
1029.132	0.8	NonTarget	1	257283
1029.36	0.8	NonTarget	1	257340
1029.584	0.8	NonTarget	1	257396
1029.812	0.8	Target	2	257453
1030.036	0.8	NonTarget	1	257509
1030.26	0.8	NonTarget	1	257565
1030.484	0.8	NonTarget	1	257621
1030.712	0.8	NonTarget	1	257678
1030.936	0.8	NonTarget	1	257734
1031.164	0.8	NonTarget	1	257791
1031.388	0.8	NonTarget	1	257847
1031.612	0.8	Target	2	257903
1031.84	0.8	NonTarget	1	257960
1032.064	0.8	NonTarget	1	258016
1032.288	0.8	NonTarget	1	258072
1032.512	0.8	NonTarget	1	258128
1032.74	0.8	NonTarget	1	258185
1032.964	0.8	NonTarget	1	258241
1033.192	0.8	NonTarget	1	258298
1033.416	0.8	NonTarget	1	258354
1033.64	0.8	NonTarget	1	258410
1033.868	0.8	NonTarget	1	258467
1034.092	0.8	NonTarget	1	258523
1034.316	0.8	Target	2	258579
1034.544	0.8	NonTarget	1	258636
1034.768	0.8	NonTarget	1	258692
1034.992	0.8	NonTarget	1	258748
1035.22	0.8	NonTarget	1	258805
1035.444	0.8	NonTarget	1	258861
1035.672	0.8	NonTarget	1	258918
1035.896	0.8	NonTarget	1	258974
1036.12	0.8	NonTarget	1	259030
1036.344	0.8	Target	2	259086
1036.568	0.8	NonTarget	1	259142
1036.796	0.8	NonTarget	1	259199
1037.02	0.8	NonTarget	1	259255
1037.248	0.8	NonTarget	1	259312
1037.472	0.8	NonTarget	1	259368
1037.696	0.8	Target	2	259424
1037.924	0.8	NonTarget	1	259481
1038.148	0.8	NonTarget	1	259537
1038.376	0.8	NonTarget	1	259594
1038.6	0.8	NonTarget	1	259650
1038.824	0.8	NonTarget	1	259706
1056.928	0.8	NonTarget	1	264232
1057.152	0.8	NonTarget	1	264288
1057.38	0.8	NonTarget	1	264345
1057.604	0.8	NonTarget	1	264401
1057.828	0.8	NonTarget	1	264457
1058.052	0.8	Target	2	264513
1058.28	0.8	NonTarget	1	264570
1058.504	0.8	NonTarget	1	264626
1058.728	0.8	NonTarget	1	264682
1058.956	0.8	NonTarget	1	264739
1059.18	0.8	NonTarget	1	264795
1059.408	0.8	NonTarget	1	264852
1059.632	0.8	NonTarget	1	264908
1059.856	0.8	NonTarget	1	264964
1060.084	0.8	NonTarget	1	265021
1060.308	0.8	Target	2	265077
1060.536	0.8	NonTarget	1	265134
1060.76	0.8	NonTarget	1	265190
1060.984	0.8	NonTarget	1	265246
1061.212	0.8	NonTarget	1	265303
1061.436	0.8	Target	2	265359
1061.664	0.8	NonTarget	1	265416
1061.888	0.8	NonTarget	1	265472
1062.116	0.8	NonTarget	1	265529
1062.34	0.8	NonTarget	1	265585
1062.564	0.8	NonTarget	1	265641
1062.792	0.8	NonTarget	1	265698
1063.016	0.8	NonTarget	1	265754
1063.24	0.8	NonTarget	1	265810
1063.464	0.8	NonTarget	1	265866
1063.692	0.8	NonTarget	1	265923
1063.916	0.8	NonTarget	1	265979
1064.14	0.8	NonTarget	1	266035
1064.368	0.8	NonTarget	1	266092
1064.592	0.8	NonTarget	1	266148
1064.816	0.8	NonTarget	1	266204
1065.044	0.8	Target	2	266261
1065.268	0.8	NonTarget	1	266317
1065.496	0.8	NonTarget	1	266374
1065.72	0.8	NonTarget	1	266430
1065.944	0.8	NonTarget	1	266486
1066.168	0.8	NonTarget	1	266542
1066.396	0.8	NonTarget	1	266599
1066.62	0.8	NonTarget	1	266655
1066.844	0.8	Target	2	266711
1067.072	0.8	NonTarget	1	266768
1067.296	0.8	NonTarget	1	266824
1067.524	0.8	NonTarget	1	266881
1067.748	0.8	NonTarget	1	266937
1067.972	0.8	NonTarget	1	266993
1068.2	0.8	Target	2	267050
1068.424	0.8	NonTarget	1	267106
1068.648	0.8	NonTarget	1	267162
1068.876	0.8	NonTarget	1	267219
1069.1	0.8	NonTarget	1	267275
1069.328	0.8	NonTarget	1	267332
1069.552	0.8	NonTarget	1	267388
1069.776	0.8	NonTarget	1	267444
1070.004	0.8	Target	2	267501
1070.228	0.8	NonTarget	1	267557
1070.456	0.8	NonTarget	1	267614
1070.68	0.8	NonTarget	1	267670
1070.908	0.8	NonTarget	1	267727
1071.132	0.8	NonTarget	1	267783
1071.356	0.8	Target	2	267839
1071.584	0.8	NonTarget	1	267896
1071.808	0.8	NonTarget	1	267952
1072.032	0.8	NonTarget	1	268008
1072.26	0.8	NonTarget	1	268065
1072.484	0.8	NonTarget	1	268121
1072.712	0.8	NonTarget	1	268178
1072.936	0.8	NonTarget	1	268234
1073.164	0.8	NonTarget	1	268291
1073.388	0.8	NonTarget	1	268347
1073.612	0.8	NonTarget	1	268403
1073.84	0.8	NonTarget	1	268460
1074.064	0.8	NonTarget	1	268516
1074.288	0.8	NonTarget	1	268572
1074.512	0.8	Target	2	268628
1074.74	0.8	NonTarget	1	268685
1074.964	0.8	NonTarget	1	268741
1075.188	0.8	NonTarget	1	268797
1075.416	0.8	NonTarget	1	268854
1075.64	0.8	NonTarget	1	268910
1075.864	0.8	NonTarget	1	268966
1076.092	0.8	NonTarget	1	269023
1076.316	0.8	Target	2	269079
1076.544	0.8	NonTarget	1	269136
1076.768	0.8	NonTarget	1	269192
1076.992	0.8	NonTarget	1	269248
1077.22	0.8	NonTarget	1	269305
1077.444	0.8	NonTarget	1	269361
1077.672	0.8	NonTarget	1	269418
1077.896	0.8	NonTarget	1	269474
1078.12	0.8	NonTarget	1	269530
1078.348	0.8	NonTarget	1	269587
1078.572	0.8	NonTarget	1	269643
1078.8	0.8	NonTarget	1	269700
1079.024	0.8	Target	2	269756
1079.248	0.8	NonTarget	1	269812
1079.472	0.8	NonTarget	1	269868
1079.7	0.8	NonTarget	1	269925
1079.924	0.8	NonTarget	1	269981
1080.148	0.8	NonTarget	1	270037
1080.376	0.8	Target	2	270094
1080.6	0.8	NonTarget	1	270150
1080.828	0.8	NonTarget	1	270207
1081.052	0.8	NonTarget	1	270263
1081.276	0.8	NonTarget	1	270319
1108.196	0.8	Target	2	277049
1108.424	0.8	NonTarget	1	277106
1108.648	0.8	NonTarget	1	277162
1108.876	0.8	NonTarget	1	277219
1109.1	0.8	Target	2	277275
1109.324	0.8	NonTarget	1	277331
1109.548	0.8	NonTarget	1	277387
1109.772	0.8	NonTarget	1	277443
1110.0	0.8	NonTarget	1	277500
1110.224	0.8	NonTarget	1	277556
1110.452	0.8	NonTarget	1	277613
1110.676	0.8	NonTarget	1	277669
1110.9	0.8	NonTarget	1	277725
1111.128	0.8	NonTarget	1	277782
1111.352	0.8	Target	2	277838
1111.58	0.8	NonTarget	1	277895
1111.804	0.8	NonTarget	1	277951
1112.028	0.8	NonTarget	1	278007
1112.256	0.8	NonTarget	1	278064
1112.48	0.8	NonTarget	1	278120
1112.708	0.8	NonTarget	1	278177
1112.932	0.8	NonTarget	1	278233
1113.156	0.8	NonTarget	1	278289
1113.384	0.8	NonTarget	1	278346
1113.608	0.8	NonTarget	1	278402
1113.836	0.8	NonTarget	1	278459
1114.06	0.8	Target	2	278515
1114.284	0.8	NonTarget	1	278571
1114.512	0.8	NonTarget	1	278628
1114.736	0.8	NonTarget	1	278684
1114.964	0.8	Target	2	278741
1115.188	0.8	NonTarget	1	278797
1115.412	0.8	NonTarget	1	278853
1115.636	0.8	NonTarget	1	278909
1115.864	0.8	NonTarget	1	278966
1116.088	0.8	NonTarget	1	279022
1116.312	0.8	NonTarget	1	279078
1116.54	0.8	NonTarget	1	279135
1116.764	0.8	NonTarget	1	279191
1116.988	0.8	NonTarget	1	279247
1117.216	0.8	Target	2	279304
1117.44	0.8	NonTarget	1	279360
1117.668	0.8	NonTarget	1	279417
1117.892	0.8	NonTarget	1	279473
1118.116	0.8	NonTarget	1	279529
1118.344	0.8	NonTarget	1	279586
1118.568	0.8	NonTarget	1	279642
1118.796	0.8	Target	2	279699
1119.02	0.8	NonTarget	1	279755
1119.244	0.8	NonTarget	1	279811
1119.472	0.8	NonTarget	1	279868
1119.696	0.8	NonTarget	1	279924
1119.92	0.8	NonTarget	1	279980
1120.148	0.8	NonTarget	1	280037
1120.372	0.8	NonTarget	1	280093
1120.596	0.8	NonTarget	1	280149
1120.824	0.8	NonTarget	1	280206
1121.048	0.8	NonTarget	1	280262
1121.272	0.8	NonTarget	1	280318
1121.496	0.8	NonTarget	1	280374
1121.724	0.8	Target	2	280431
1121.948	0.8	NonTarget	1	280487
1122.172	0.8	NonTarget	1	280543
1122.4	0.8	NonTarget	1	280600
1122.628	0.8	NonTarget	1	280657
1122.852	0.8	NonTarget	1	280713
1123.076	0.8	Target	2	280769
1123.304	0.8	NonTarget	1	280826
1123.528	0.8	NonTarget	1	280882
1123.752	0.8	NonTarget	1	280938
1123.98	0.8	NonTarget	1	280995
1124.204	0.8	NonTarget	1	281051
1124.432	0.8	NonTarget	1	281108
1124.656	0.8	NonTarget	1	281164
1124.88	0.8	NonTarget	1	281220
1125.108	0.8	NonTarget	1	281277
1125.332	0.8	NonTarget	1	281333
1125.56	0.8	NonTarget	1	281390
1125.784	0.8	NonTarget	1	281446
1126.008	0.8	Target	2	281502
1126.236	0.8	NonTarget	1	281559
1126.46	0.8	NonTarget	1	281615
1126.688	0.8	NonTarget	1	281672
1126.912	0.8	NonTarget	1	281728
1127.14	0.8	NonTarget	1	281785
1127.364	0.8	NonTarget	1	281841
1127.588	0.8	NonTarget	1	281897
1127.816	0.8	NonTarget	1	281954
1128.04	0.8	Target	2	282010
1128.264	0.8	NonTarget	1	282066
1128.492	0.8	NonTarget	1	282123
1128.716	0.8	NonTarget	1	282179
1128.94	0.8	NonTarget	1	282235
1129.168	0.8	NonTarget	1	282292
1129.392	0.8	NonTarget	1	282348
1129.62	0.8	NonTarget	1	282405
1129.844	0.8	NonTarget	1	282461
1130.068	0.8	Target	2	282517
1130.296	0.8	NonTarget	1	282574
1130.52	0.8	NonTarget	1	282630
1130.748	0.8	NonTarget	1	282687
1130.972	0.8	NonTarget	1	282743
1131.196	0.8	NonTarget	1	282799
1131.424	0.8	Target	2	282856
1131.648	0.8	NonTarget	1	282912
1131.872	0.8	NonTarget	1	282968
1132.1	0.8	NonTarget	1	283025
1132.324	0.8	NonTarget	1	283081
1132.548	0.8	NonTarget	1	283137
1148.828	0.8	NonTarget	1	287207
1149.056	0.8	NonTarget	1	287264
1149.28	0.8	NonTarget	1	287320
1149.508	0.8	NonTarget	1	287377
1149.732	0.8	NonTarget	1	287433
1149.956	0.8	NonTarget	1	287489
1150.184	0.8	NonTarget	1	287546
1150.408	0.8	NonTarget	1	287602
1150.636	0.8	NonTarget	1	287659
1150.86	0.8	Target	2	287715
1151.084	0.8	NonTarget	1	287771
1151.308	0.8	NonTarget	1	287827
1151.536	0.8	NonTarget	1	287884
1151.76	0.8	NonTarget	1	287940
1151.988	0.8	NonTarget	1	287997
1152.212	0.8	NonTarget	1	288053
1152.436	0.8	NonTarget	1	288109
1152.664	0.8	Target	2	288166
1152.888	0.8	NonTarget	1	288222
1153.116	0.8	NonTarget	1	288279
1153.34	0.8	NonTarget	1	288335
1153.564	0.8	NonTarget	1	288391
1153.792	0.8	NonTarget	1	288448
1154.016	0.8	NonTarget	1	288504
1154.24	0.8	NonTarget	1	288560
1154.468	0.8	NonTarget	1	288617
1154.692	0.8	NonTarget	1	288673
1154.916	0.8	Target	2	288729
1155.14	0.8	NonTarget	1	288785
1155.368	0.8	NonTarget	1	288842
1155.592	0.8	NonTarget	1	288898
1155.82	0.8	NonTarget	1	288955
1156.044	0.8	NonTarget	1	289011
1156.272	0.8	Target	2	289068
1156.496	0.8	NonTarget	1	289124
1156.72	0.8	NonTarget	1	289180
1156.948	0.8	NonTarget	1	289237
1157.172	0.8	NonTarget	1	289293
1157.396	0.8	NonTarget	1	289349
1157.624	0.8	NonTarget	1	289406
1157.848	0.8	NonTarget	1	289462
1158.076	0.8	NonTarget	1	289519
1158.3	0.8	NonTarget	1	289575
1158.524	0.8	NonTarget	1	289631
1158.748	0.8	NonTarget	1	289687
1158.976	0.8	Target	2	289744
1159.2	0.8	NonTarget	1	289800
1159.424	0.8	NonTarget	1	289856
1159.652	0.8	NonTarget	1	289913
1159.876	0.8	NonTarget	1	289969
1160.1	0.8	NonTarget	1	290025
1160.328	0.8	NonTarget	1	290082
1160.552	0.8	NonTarget	1	290138
1160.78	0.8	NonTarget	1	290195
1161.004	0.8	Target	2	290251
1161.228	0.8	NonTarget	1	290307
1161.452	0.8	NonTarget	1	290363
1161.676	0.8	NonTarget	1	290419
1161.904	0.8	NonTarget	1	290476
1162.128	0.8	NonTarget	1	290532
1162.352	0.8	NonTarget	1	290588
1162.58	0.8	NonTarget	1	290645
1162.804	0.8	NonTarget	1	290701
1163.032	0.8	Target	2	290758
1163.256	0.8	NonTarget	1	290814
1163.48	0.8	NonTarget	1	290870
1163.708	0.8	NonTarget	1	290927
1163.932	0.8	NonTarget	1	290983
1164.156	0.8	NonTarget	1	291039
1164.384	0.8	NonTarget	1	291096
1164.612	0.8	NonTarget	1	291153
1164.836	0.8	NonTarget	1	291209
1165.06	0.8	Target	2	291265
1165.284	0.8	NonTarget	1	291321
1165.512	0.8	NonTarget	1	291378
1165.74	0.8	NonTarget	1	291435
1165.964	0.8	NonTarget	1	291491
1166.188	0.8	NonTarget	1	291547
1166.412	0.8	NonTarget	1	291603
1166.64	0.8	NonTarget	1	291660
1166.868	0.8	NonTarget	1	291717
1167.092	0.8	Target	2	291773
1167.316	0.8	NonTarget	1	291829
1167.544	0.8	Target	2	291886
1167.768	0.8	NonTarget	1	291942
1167.992	0.8	NonTarget	1	291998
1168.22	0.8	NonTarget	1	292055
1168.444	0.8	NonTarget	1	292111
1168.672	0.8	NonTarget	1	292168
1168.896	0.8	NonTarget	1	292224
1169.12	0.8	NonTarget	1	292280
1169.348	0.8	Target	2	292337
1169.572	0.8	NonTarget	1	292393
1169.796	0.8	NonTarget	1	292449
1170.02	0.8	NonTarget	1	292505
1170.248	0.8	NonTarget	1	292562
1170.472	0.8	NonTarget	1	292618
1170.696	0.8	NonTarget	1	292674
1170.924	0.8	NonTarget	1	292731
1171.148	0.8	NonTarget	1	292787
1171.372	0.8	NonTarget	1	292843
1171.6	0.8	NonTarget	1	292900
1171.824	0.8	NonTarget	1	292956
1172.052	0.8	NonTarget	1	293013
1172.276	0.8	Target	2	293069
1172.504	0.8	NonTarget	1	293126
1172.728	0.8	NonTarget	1	293182
1172.952	0.8	NonTarget	1	293238
1193.44	0.8	NonTarget	1	298360
1193.668	0.8	NonTarget	1	298417
1193.892	0.8	NonTarget	1	298473
1194.116	0.8	Target	2	298529
1194.34	0.8	NonTarget	1	298585
1194.568	0.8	NonTarget	1	298642
1194.792	0.8	NonTarget	1	298698
1195.016	0.8	NonTarget	1	298754
1195.244	0.8	NonTarget	1	298811
1195.468	0.8	NonTarget	1	298867
1195.692	0.8	NonTarget	1	298923
1195.92	0.8	NonTarget	1	298980
1196.144	0.8	Target	2	299036
1196.368	0.8	NonTarget	1	299092
1196.596	0.8	NonTarget	1	299149
1196.82	0.8	NonTarget	1	299205
1197.044	0.8	NonTarget	1	299261
1197.272	0.8	NonTarget	1	299318
1197.496	0.8	NonTarget	1	299374
1197.724	0.8	NonTarget	1	299431
1197.948	0.8	NonTarget	1	299487
1198.172	0.8	Target	2	299543
1198.4	0.8	NonTarget	1	299600
1198.624	0.8	NonTarget	1	299656
1198.852	0.8	NonTarget	1	299713
1199.076	0.8	NonTarget	1	299769
1199.3	0.8	NonTarget	1	299825
1199.528	0.8	NonTarget	1	299882
1199.752	0.8	NonTarget	1	299938
1199.98	0.8	NonTarget	1	299995
1200.204	0.8	Target	2	300051
1200.428	0.8	NonTarget	1	300107
1200.656	0.8	NonTarget	1	300164
1200.88	0.8	NonTarget	1	300220
1201.108	0.8	NonTarget	1	300277
1201.332	0.8	NonTarget	1	300333
1201.556	0.8	NonTarget	1	300389
1201.78	0.8	NonTarget	1	300445
1202.004	0.8	NonTarget	1	300501
1202.232	0.8	NonTarget	1	300558
1202.456	0.8	NonTarget	1	300614
1202.684	0.8	Target	2	300671
1202.908	0.8	NonTarget	1	300727
1203.132	0.8	NonTarget	1	300783
1203.36	0.8	NonTarget	1	300840
1203.584	0.8	NonTarget	1	300896
1203.812	0.8	NonTarget	1	300953
1204.036	0.8	NonTarget	1	301009
1204.26	0.8	Target	2	301065
1204.488	0.8	NonTarget	1	301122
1204.712	0.8	NonTarget	1	301178
1204.94	0.8	NonTarget	1	301235
1205.164	0.8	NonTarget	1	301291
1205.388	0.8	NonTarget	1	301347
1205.616	0.8	NonTarget	1	301404
1205.84	0.8	NonTarget	1	301460
1206.064	0.8	Target	2	301516
1206.292	0.8	NonTarget	1	301573
1206.516	0.8	NonTarget	1	301629
1206.74	0.8	NonTarget	1	301685
1206.964	0.8	NonTarget	1	301741
1207.192	0.8	NonTarget	1	301798
1207.416	0.8	NonTarget	1	301854
1207.644	0.8	NonTarget	1	301911
1207.868	0.8	Target	2	301967
1208.092	0.8	NonTarget	1	302023
1208.32	0.8	NonTarget	1	302080
1208.544	0.8	NonTarget	1	302136
1208.768	0.8	NonTarget	1	302192
1208.996	0.8	NonTarget	1	302249
1209.22	0.8	NonTarget	1	302305
1209.448	0.8	NonTarget	1	302362
1209.672	0.8	NonTarget	1	302418
1209.9	0.8	NonTarget	1	302475
1210.124	0.8	NonTarget	1	302531
1210.348	0.8	NonTarget	1	302587
1210.576	0.8	NonTarget	1	302644
1210.8	0.8	NonTarget	1	302700
1211.028	0.8	NonTarget	1	302757
1211.252	0.8	NonTarget	1	302813
1211.476	0.8	NonTarget	1	302869
1211.704	0.8	Target	2	302926
1211.928	0.8	NonTarget	1	302982
1212.152	0.8	NonTarget	1	303038
1212.38	0.8	NonTarget	1	303095
1212.604	0.8	NonTarget	1	303151
1212.828	0.8	NonTarget	1	303207
1213.052	0.8	Target	2	303263
1213.28	0.8	NonTarget	1	303320
1213.504	0.8	NonTarget	1	303376
1213.728	0.8	NonTarget	1	303432
1213.956	0.8	NonTarget	1	303489
1214.18	0.8	Target	2	303545
1214.404	0.8	NonTarget	1	303601
1214.632	0.8	NonTarget	1	303658
1214.856	0.8	NonTarget	1	303714
1215.084	0.8	NonTarget	1	303771
1215.308	0.8	NonTarget	1	303827
1215.532	0.8	NonTarget	1	303883
1215.76	0.8	NonTarget	1	303940
1215.984	0.8	NonTarget	1	303996
1216.208	0.8	NonTarget	1	304052
1216.436	0.8	NonTarget	1	304109
1216.66	0.8	Target	2	304165
1216.884	0.8	NonTarget	1	304221
1217.112	0.8	NonTarget	1	304278
1217.336	0.8	NonTarget	1	304334
1217.56	0.8	NonTarget	1	304390
1235.4	0.8	NonTarget	1	308850
1235.624	0.8	NonTarget	1	308906
1235.848	0.8	NonTarget	1	308962
1236.076	0.8	NonTarget	1	309019
1236.3	0.8	NonTarget	1	309075
1236.528	0.8	Target	2	309132
1236.752	0.8	NonTarget	1	309188
1236.98	0.8	NonTarget	1	309245
1237.204	0.8	NonTarget	1	309301
1237.428	0.8	NonTarget	1	309357
1237.656	0.8	NonTarget	1	309414
1237.88	0.8	NonTarget	1	309470
1238.108	0.8	NonTarget	1	309527
1238.332	0.8	NonTarget	1	309583
1238.556	0.8	NonTarget	1	309639
1238.784	0.8	NonTarget	1	309696
1239.008	0.8	NonTarget	1	309752
1239.232	0.8	NonTarget	1	309808
1239.456	0.8	Target	2	309864
1239.684	0.8	NonTarget	1	309921
1239.908	0.8	NonTarget	1	309977
1240.136	0.8	NonTarget	1	310034
1240.36	0.8	NonTarget	1	310090
1240.584	0.8	Target	2	310146
1240.808	0.8	NonTarget	1	310202
1241.036	0.8	NonTarget	1	310259
1241.26	0.8	NonTarget	1	310315
1241.488	0.8	NonTarget	1	310372
1241.712	0.8	NonTarget	1	310428
1241.94	0.8	NonTarget	1	310485
1242.164	0.8	NonTarget	1	310541
1242.388	0.8	NonTarget	1	310597
1242.616	0.8	Target	2	310654
1242.84	0.8	NonTarget	1	310710
1243.064	0.8	NonTarget	1	310766
1243.288	0.8	NonTarget	1	310822
1243.516	0.8	NonTarget	1	310879
1243.74	0.8	NonTarget	1	310935
1243.964	0.8	NonTarget	1	310991
1244.192	0.8	NonTarget	1	311048
1244.416	0.8	NonTarget	1	311104
1244.64	0.8	NonTarget	1	311160
1244.864	0.8	NonTarget	1	311216
1245.092	0.8	NonTarget	1	311273
1245.316	0.8	Target	2	311329
1245.54	0.8	NonTarget	1	311385
1245.768	0.8	NonTarget	1	311442
1245.992	0.8	NonTarget	1	311498
1246.22	0.8	NonTarget	1	311555
1246.444	0.8	NonTarget	1	311611
1246.668	0.8	NonTarget	1	311667
1246.896	0.8	NonTarget	1	311724
1247.12	0.8	NonTarget	1	311780
1247.344	0.8	Target	2	311836
1247.572	0.8	NonTarget	1	311893
1247.796	0.8	NonTarget	1	311949
1248.024	0.8	NonTarget	1	312006
1248.248	0.8	Target	2	312062
1248.472	0.8	NonTarget	1	312118
1248.7	0.8	NonTarget	1	312175
1248.924	0.8	NonTarget	1	312231
1249.152	0.8	NonTarget	1	312288
1249.376	0.8	NonTarget	1	312344
1249.6	0.8	NonTarget	1	312400
1249.824	0.8	NonTarget	1	312456
1250.052	0.8	NonTarget	1	312513
1250.276	0.8	Target	2	312569
1250.5	0.8	NonTarget	1	312625
1250.728	0.8	NonTarget	1	312682
1250.952	0.8	NonTarget	1	312738
1251.176	0.8	NonTarget	1	312794
1251.404	0.8	NonTarget	1	312851
1251.628	0.8	NonTarget	1	312907
1251.852	0.8	NonTarget	1	312963
1252.076	0.8	Target	2	313019
1252.3	0.8	NonTarget	1	313075
1252.528	0.8	NonTarget	1	313132
1252.756	0.8	NonTarget	1	313189
1252.98	0.8	NonTarget	1	313245
1253.204	0.8	NonTarget	1	313301
1253.428	0.8	NonTarget	1	313357
1253.656	0.8	NonTarget	1	313414
1253.88	0.8	NonTarget	1	313470
1254.108	0.8	NonTarget	1	313527
1254.332	0.8	NonTarget	1	313583
1254.556	0.8	NonTarget	1	313639
1254.784	0.8	NonTarget	1	313696
1255.008	0.8	NonTarget	1	313752
1255.236	0.8	NonTarget	1	313809
1255.46	0.8	Target	2	313865
1255.684	0.8	NonTarget	1	313921
1255.908	0.8	NonTarget	1	313977
1256.132	0.8	NonTarget	1	314033
1256.36	0.8	NonTarget	1	314090
1256.584	0.8	NonTarget	1	314146
1256.812	0.8	NonTarget	1	314203
1257.036	0.8	NonTarget	1	314259
1257.26	0.8	Target	2	314315
1257.488	0.8	NonTarget	1	314372
1257.712	0.8	NonTarget	1	314428
1257.936	0.8	NonTarget	1	314484
1258.16	0.8	NonTarget	1	314540
1258.384	0.8	NonTarget	1	314596
1258.612	0.8	NonTarget	1	314653
1258.84	0.8	NonTarget	1	314710
1259.064	0.8	NonTarget	1	314766
1259.288	0.8	NonTarget	1	314822
1259.512	0.8	Target	2	314878
1259.74	0.8	NonTarget	1	314935
